Time,T° basal OD:600,A1,A2,A3,A4,A5,A6,A7,A8,B1,B2,B3,B4,B5,B6,B7,B8,C1,C2,C3,C4,C5,C6,C7,C8,D1,D2,D3,D4,D5,D6,D7,D8,E1,E2,E3,E4,E5,E6,E7,E8,F1,F2,F3,F4,F5,F6,F7,F8
0:19:33,39.1,0.272,0.289,0.279,0.267,0.102,0.09,0.32,0.251,0.273,0.288,0.278,0.271,0.092,0.09,0.324,0.25,0.272,0.281,0.283,0.276,0.092,0.091,0.328,0.252,0.3,0.292,0.269,0.26,0.283,0.091,0.311,0.097,0.293,0.291,0.285,0.261,0.28,0.093,0.315,0.091,0.3,0.296,0.285,0.269,0.287,0.089,0.3,0.092
0:39:33,39,0.27,0.288,0.28,0.282,0.102,0.089,0.329,0.252,0.276,0.287,0.281,0.273,0.092,0.09,0.336,0.25,0.274,0.285,0.282,0.286,0.091,0.091,0.341,0.252,0.306,0.294,0.28,0.27,0.286,0.09,0.322,0.096,0.299,0.289,0.296,0.264,0.281,0.093,0.313,0.091,0.303,0.293,0.279,0.263,0.288,0.089,0.311,0.092
0:59:33,39.1,0.269,0.292,0.279,0.271,0.102,0.089,0.338,0.252,0.272,0.285,0.284,0.281,0.092,0.09,0.342,0.25,0.272,0.284,0.289,0.285,0.091,0.091,0.346,0.252,0.302,0.292,0.272,0.265,0.287,0.09,0.327,0.096,0.291,0.288,0.284,0.281,0.279,0.093,0.321,0.091,0.294,0.291,0.279,0.264,0.286,0.089,0.321,0.092
1:19:33,39,0.27,0.288,0.278,0.273,0.102,0.089,0.34,0.261,0.272,0.285,0.281,0.275,0.092,0.09,0.349,0.25,0.27,0.282,0.288,0.277,0.091,0.091,0.349,0.252,0.301,0.294,0.27,0.265,0.286,0.09,0.333,0.096,0.291,0.29,0.281,0.268,0.281,0.093,0.328,0.091,0.298,0.291,0.283,0.273,0.285,0.089,0.329,0.092
1:39:33,39.1,0.268,0.287,0.28,0.274,0.102,0.089,0.339,0.28,0.275,0.287,0.292,0.278,0.092,0.09,0.346,0.25,0.271,0.282,0.283,0.283,0.091,0.091,0.351,0.252,0.303,0.292,0.271,0.265,0.284,0.09,0.341,0.096,0.291,0.29,0.28,0.264,0.278,0.093,0.335,0.09,0.292,0.292,0.283,0.265,0.285,0.089,0.335,0.092
1:59:33,39,0.272,0.285,0.282,0.281,0.102,0.089,0.343,0.293,0.272,0.289,0.28,0.284,0.092,0.09,0.347,0.25,0.271,0.287,0.281,0.281,0.091,0.091,0.354,0.252,0.3,0.296,0.27,0.267,0.285,0.09,0.349,0.096,0.293,0.29,0.28,0.272,0.282,0.093,0.344,0.09,0.293,0.291,0.282,0.266,0.284,0.089,0.343,0.092
2:19:33,39.1,0.279,0.286,0.286,0.277,0.102,0.089,0.346,0.301,0.277,0.284,0.286,0.282,0.092,0.09,0.351,0.25,0.273,0.283,0.286,0.276,0.091,0.091,0.356,0.252,0.31,0.291,0.274,0.268,0.287,0.09,0.36,0.096,0.289,0.289,0.282,0.265,0.28,0.093,0.354,0.09,0.294,0.29,0.278,0.265,0.283,0.089,0.352,0.092
2:39:33,39,0.273,0.286,0.285,0.281,0.102,0.089,0.345,0.302,0.27,0.285,0.284,0.279,0.092,0.09,0.348,0.25,0.269,0.282,0.284,0.282,0.092,0.091,0.356,0.252,0.301,0.29,0.272,0.265,0.286,0.09,0.373,0.096,0.29,0.289,0.285,0.269,0.279,0.093,0.366,0.09,0.296,0.289,0.278,0.27,0.285,0.089,0.365,0.092
2:59:33,39.1,0.277,0.284,0.28,0.273,0.102,0.089,0.346,0.299,0.269,0.283,0.283,0.275,0.092,0.089,0.349,0.25,0.268,0.28,0.284,0.278,0.091,0.091,0.356,0.252,0.302,0.293,0.271,0.27,0.285,0.09,0.385,0.096,0.291,0.288,0.278,0.266,0.278,0.093,0.374,0.09,0.293,0.289,0.281,0.264,0.283,0.089,0.381,0.092
3:19:33,39.1,0.275,0.291,0.299,0.279,0.102,0.089,0.348,0.297,0.27,0.283,0.285,0.282,0.092,0.09,0.35,0.25,0.268,0.281,0.285,0.285,0.091,0.091,0.356,0.252,0.299,0.291,0.273,0.268,0.284,0.09,0.403,0.096,0.291,0.289,0.284,0.265,0.279,0.093,0.394,0.09,0.296,0.289,0.289,0.266,0.282,0.089,0.392,0.092
3:39:33,39.1,0.274,0.284,0.285,0.277,0.102,0.089,0.35,0.296,0.273,0.283,0.3,0.279,0.092,0.09,0.352,0.25,0.268,0.279,0.287,0.286,0.092,0.091,0.358,0.252,0.303,0.289,0.27,0.27,0.285,0.09,0.419,0.096,0.289,0.288,0.28,0.266,0.284,0.093,0.41,0.09,0.296,0.288,0.28,0.266,0.28,0.089,0.409,0.092
3:59:33,39.1,0.275,0.284,0.29,0.282,0.102,0.089,0.347,0.297,0.277,0.283,0.298,0.277,0.092,0.089,0.349,0.25,0.269,0.28,0.298,0.282,0.092,0.091,0.358,0.252,0.3,0.289,0.273,0.273,0.287,0.09,0.445,0.096,0.293,0.287,0.281,0.269,0.281,0.093,0.433,0.09,0.293,0.288,0.281,0.267,0.281,0.089,0.435,0.092
4:19:33,39.1,0.279,0.284,0.293,0.284,0.102,0.089,0.347,0.291,0.275,0.285,0.29,0.283,0.092,0.09,0.355,0.25,0.272,0.291,0.295,0.281,0.092,0.091,0.358,0.253,0.301,0.291,0.272,0.268,0.283,0.09,0.466,0.096,0.304,0.287,0.281,0.273,0.278,0.093,0.456,0.09,0.295,0.287,0.279,0.265,0.283,0.089,0.458,0.092
4:39:33,39,0.279,0.284,0.303,0.275,0.102,0.089,0.348,0.289,0.274,0.284,0.302,0.284,0.091,0.089,0.352,0.25,0.271,0.28,0.297,0.285,0.092,0.091,0.357,0.252,0.297,0.29,0.271,0.264,0.284,0.09,0.497,0.096,0.291,0.287,0.28,0.268,0.277,0.093,0.489,0.09,0.293,0.286,0.277,0.264,0.282,0.089,0.49,0.092
4:59:33,39,0.278,0.294,0.3,0.278,0.101,0.089,0.347,0.283,0.272,0.282,0.306,0.281,0.092,0.089,0.35,0.25,0.273,0.282,0.308,0.28,0.092,0.091,0.359,0.253,0.298,0.291,0.269,0.272,0.286,0.09,0.531,0.096,0.293,0.286,0.278,0.265,0.279,0.093,0.515,0.09,0.295,0.287,0.281,0.264,0.285,0.089,0.521,0.092
5:19:33,39.1,0.278,0.285,0.313,0.274,0.102,0.089,0.346,0.279,0.273,0.282,0.311,0.277,0.092,0.09,0.35,0.25,0.268,0.279,0.316,0.281,0.092,0.091,0.357,0.253,0.299,0.289,0.269,0.267,0.283,0.09,0.571,0.096,0.29,0.286,0.284,0.268,0.278,0.093,0.547,0.09,0.292,0.286,0.28,0.266,0.28,0.089,0.554,0.092
5:39:33,39.1,0.275,0.287,0.325,0.276,0.102,0.089,0.348,0.273,0.272,0.283,0.336,0.285,0.092,0.09,0.352,0.25,0.269,0.282,0.326,0.286,0.092,0.091,0.357,0.253,0.304,0.29,0.274,0.265,0.286,0.09,0.612,0.096,0.291,0.286,0.281,0.267,0.277,0.093,0.594,0.09,0.294,0.288,0.277,0.266,0.283,0.089,0.598,0.092
5:59:33,39,0.279,0.286,0.326,0.285,0.102,0.089,0.349,0.267,0.272,0.283,0.344,0.287,0.092,0.089,0.349,0.25,0.27,0.286,0.347,0.289,0.092,0.091,0.354,0.253,0.297,0.288,0.27,0.266,0.285,0.09,0.654,0.096,0.294,0.285,0.278,0.264,0.278,0.093,0.64,0.09,0.29,0.286,0.28,0.267,0.284,0.089,0.643,0.092
6:19:33,39.1,0.278,0.287,0.344,0.29,0.101,0.089,0.347,0.264,0.277,0.284,0.373,0.28,0.092,0.089,0.351,0.25,0.271,0.284,0.354,0.287,0.092,0.091,0.358,0.253,0.302,0.29,0.268,0.265,0.283,0.09,0.707,0.096,0.292,0.285,0.282,0.264,0.282,0.093,0.689,0.09,0.291,0.286,0.276,0.265,0.283,0.089,0.69,0.092
6:39:33,39,0.278,0.288,0.364,0.279,0.101,0.089,0.345,0.261,0.271,0.294,0.366,0.285,0.092,0.089,0.349,0.25,0.274,0.286,0.389,0.294,0.092,0.091,0.355,0.253,0.299,0.288,0.277,0.267,0.282,0.09,0.754,0.096,0.289,0.284,0.282,0.268,0.279,0.093,0.736,0.09,0.293,0.284,0.286,0.264,0.281,0.089,0.747,0.092
6:59:33,39.1,0.276,0.291,0.381,0.278,0.102,0.089,0.345,0.258,0.274,0.287,0.375,0.284,0.092,0.089,0.348,0.25,0.267,0.289,0.389,0.287,0.092,0.091,0.355,0.253,0.298,0.288,0.269,0.268,0.283,0.09,0.811,0.096,0.29,0.285,0.279,0.266,0.277,0.093,0.789,0.09,0.294,0.285,0.282,0.263,0.281,0.089,0.798,0.092
7:19:33,39.1,0.28,0.341,0.38,0.296,0.101,0.089,0.345,0.256,0.271,0.292,0.386,0.297,0.092,0.089,0.348,0.25,0.274,0.292,0.39,0.289,0.092,0.091,0.358,0.253,0.304,0.287,0.271,0.266,0.283,0.09,0.868,0.096,0.289,0.285,0.281,0.265,0.278,0.093,0.848,0.09,0.293,0.285,0.28,0.263,0.281,0.089,0.861,0.092
7:39:33,39,0.278,0.298,0.38,0.283,0.101,0.089,0.346,0.254,0.277,0.302,0.39,0.287,0.092,0.089,0.348,0.251,0.273,0.311,0.402,0.297,0.092,0.091,0.352,0.253,0.3,0.286,0.27,0.266,0.281,0.09,0.93,0.096,0.305,0.284,0.277,0.266,0.278,0.093,0.91,0.09,0.293,0.286,0.277,0.263,0.279,0.089,0.922,0.092
7:59:33,39,0.275,0.304,0.378,0.296,0.101,0.089,0.343,0.253,0.273,0.303,0.393,0.287,0.092,0.089,0.345,0.25,0.269,0.304,0.398,0.291,0.092,0.091,0.351,0.253,0.298,0.287,0.27,0.266,0.281,0.09,1.002,0.096,0.289,0.283,0.28,0.265,0.279,0.093,0.971,0.09,0.292,0.284,0.282,0.265,0.281,0.089,0.986,0.092
8:19:33,39.1,0.279,0.315,0.393,0.29,0.102,0.089,0.345,0.252,0.278,0.31,0.399,0.297,0.092,0.089,0.346,0.25,0.271,0.317,0.411,0.296,0.092,0.091,0.355,0.253,0.296,0.287,0.269,0.265,0.284,0.09,1.062,0.096,0.295,0.283,0.279,0.265,0.278,0.093,1.037,0.09,0.291,0.286,0.278,0.263,0.28,0.089,1.051,0.092
8:39:33,39,0.278,0.327,0.386,0.293,0.101,0.089,0.342,0.252,0.278,0.32,0.414,0.29,0.092,0.089,0.344,0.25,0.269,0.334,0.413,0.306,0.092,0.091,0.356,0.253,0.298,0.286,0.285,0.267,0.283,0.09,1.13,0.096,0.29,0.283,0.28,0.263,0.278,0.093,1.109,0.09,0.291,0.286,0.28,0.264,0.278,0.089,1.128,0.092
8:59:33,39.1,0.279,0.337,0.393,0.294,0.102,0.089,0.345,0.253,0.269,0.334,0.429,0.297,0.092,0.09,0.346,0.25,0.269,0.344,0.412,0.292,0.092,0.091,0.356,0.253,0.298,0.287,0.268,0.265,0.284,0.09,1.203,0.096,0.287,0.283,0.277,0.263,0.28,0.093,1.173,0.09,0.289,0.284,0.276,0.266,0.279,0.089,1.194,0.092
9:19:33,39.1,0.285,0.347,0.407,0.293,0.101,0.089,0.344,0.252,0.273,0.353,0.428,0.298,0.092,0.09,0.344,0.25,0.272,0.362,0.431,0.304,0.092,0.091,0.355,0.253,0.296,0.286,0.272,0.268,0.282,0.09,1.269,0.096,0.293,0.286,0.279,0.264,0.279,0.093,1.246,0.09,0.294,0.286,0.276,0.267,0.281,0.089,1.267,0.092
9:39:33,38.9,0.282,0.368,0.408,0.306,0.101,0.089,0.343,0.252,0.275,0.369,0.414,0.308,0.092,0.09,0.342,0.25,0.268,0.376,0.429,0.296,0.092,0.091,0.352,0.253,0.296,0.286,0.273,0.267,0.283,0.09,1.338,0.096,0.3,0.282,0.286,0.265,0.277,0.093,1.311,0.09,0.291,0.284,0.278,0.265,0.279,0.089,1.335,0.092
9:59:33,39.1,0.282,0.381,0.397,0.303,0.101,0.089,0.342,0.252,0.274,0.387,0.427,0.305,0.092,0.089,0.342,0.25,0.273,0.395,0.446,0.305,0.092,0.091,0.354,0.253,0.299,0.286,0.281,0.265,0.28,0.09,1.407,0.096,0.291,0.283,0.282,0.264,0.276,0.093,1.385,0.09,0.292,0.284,0.278,0.263,0.281,0.089,1.409,0.092
10:19:33,39.1,0.281,0.394,0.401,0.303,0.101,0.089,0.34,0.252,0.275,0.402,0.431,0.307,0.092,0.089,0.342,0.251,0.277,0.412,0.433,0.306,0.092,0.091,0.35,0.253,0.297,0.287,0.276,0.269,0.282,0.09,1.475,0.096,0.288,0.283,0.278,0.263,0.279,0.093,1.451,0.09,0.293,0.284,0.28,0.266,0.281,0.089,1.48,0.092
10:39:33,39.1,0.281,0.409,0.408,0.307,0.101,0.089,0.339,0.252,0.282,0.419,0.432,0.305,0.092,0.089,0.337,0.251,0.27,0.432,0.429,0.304,0.092,0.091,0.349,0.253,0.298,0.288,0.269,0.266,0.281,0.09,1.54,0.096,0.286,0.283,0.277,0.268,0.278,0.093,1.522,0.09,0.291,0.283,0.278,0.266,0.278,0.089,1.549,0.092
10:59:33,39,0.282,0.42,0.408,0.313,0.101,0.089,0.339,0.252,0.279,0.439,0.426,0.301,0.092,0.089,0.342,0.25,0.274,0.447,0.454,0.309,0.092,0.091,0.348,0.253,0.296,0.286,0.272,0.265,0.28,0.09,1.614,0.096,0.287,0.283,0.279,0.264,0.276,0.092,1.59,0.09,0.292,0.283,0.275,0.264,0.278,0.089,1.621,0.092
11:19:33,39.1,0.281,0.444,0.402,0.303,0.101,0.089,0.337,0.253,0.28,0.453,0.428,0.313,0.092,0.089,0.34,0.251,0.275,0.464,0.436,0.322,0.092,0.091,0.348,0.253,0.296,0.289,0.271,0.269,0.281,0.09,1.683,0.096,0.29,0.283,0.283,0.267,0.279,0.093,1.662,0.09,0.291,0.283,0.283,0.266,0.279,0.089,1.691,0.092
11:39:33,39.1,0.282,0.459,0.401,0.315,0.101,0.089,0.338,0.252,0.274,0.471,0.432,0.309,0.092,0.089,0.339,0.251,0.269,0.483,0.445,0.311,0.092,0.091,0.35,0.253,0.298,0.285,0.271,0.267,0.281,0.09,1.754,0.096,0.302,0.281,0.282,0.264,0.278,0.093,1.734,0.09,0.292,0.283,0.279,0.265,0.281,0.089,1.759,0.092
11:59:33,39.1,0.281,0.479,0.421,0.325,0.101,0.089,0.341,0.252,0.272,0.489,0.43,0.316,0.092,0.089,0.337,0.251,0.272,0.494,0.443,0.322,0.092,0.091,0.348,0.253,0.296,0.285,0.273,0.276,0.281,0.09,1.826,0.096,0.289,0.283,0.278,0.268,0.277,0.093,1.8,0.09,0.29,0.284,0.277,0.268,0.277,0.089,1.83,0.092
12:19:33,39,0.287,0.48,0.406,0.328,0.101,0.089,0.338,0.252,0.276,0.507,0.439,0.319,0.092,0.089,0.34,0.25,0.277,0.506,0.458,0.333,0.092,0.091,0.347,0.253,0.299,0.286,0.272,0.267,0.284,0.09,1.892,0.096,0.287,0.283,0.28,0.271,0.276,0.093,1.87,0.09,0.291,0.287,0.28,0.265,0.278,0.089,1.899,0.092
12:39:33,39,0.281,0.492,0.419,0.321,0.101,0.089,0.34,0.253,0.277,0.526,0.434,0.327,0.092,0.09,0.34,0.251,0.278,0.524,0.451,0.329,0.092,0.091,0.349,0.253,0.298,0.286,0.267,0.265,0.28,0.09,1.96,0.096,0.289,0.283,0.276,0.265,0.276,0.093,1.939,0.09,0.289,0.283,0.278,0.263,0.278,0.089,1.966,0.092
12:59:33,39,0.28,0.503,0.421,0.317,0.101,0.089,0.339,0.252,0.281,0.544,0.455,0.342,0.092,0.09,0.34,0.251,0.276,0.539,0.468,0.339,0.092,0.091,0.348,0.253,0.3,0.286,0.268,0.27,0.284,0.09,2.022,0.096,0.293,0.283,0.277,0.265,0.275,0.093,2.004,0.09,0.293,0.284,0.277,0.264,0.277,0.089,2.028,0.092
13:19:33,39,0.282,0.514,0.407,0.326,0.101,0.089,0.339,0.252,0.279,0.556,0.433,0.326,0.092,0.089,0.338,0.251,0.273,0.55,0.441,0.326,0.092,0.091,0.346,0.253,0.297,0.285,0.27,0.273,0.28,0.09,2.038,0.096,0.286,0.291,0.276,0.265,0.274,0.093,2.049,0.09,0.294,0.283,0.276,0.263,0.277,0.089,2.052,0.092
13:39:33,39.1,0.29,0.551,0.408,0.341,0.101,0.089,0.337,0.252,0.275,0.574,0.442,0.347,0.092,0.089,0.343,0.251,0.275,0.559,0.454,0.34,0.092,0.091,0.345,0.253,0.303,0.285,0.276,0.266,0.28,0.09,2.038,0.096,0.288,0.282,0.284,0.264,0.275,0.093,2.056,0.09,0.292,0.284,0.277,0.266,0.277,0.089,2.053,0.092
13:59:33,39,0.296,0.535,0.417,0.341,0.101,0.089,0.338,0.252,0.279,0.588,0.436,0.337,0.092,0.089,0.34,0.251,0.284,0.571,0.464,0.353,0.092,0.091,0.345,0.253,0.295,0.285,0.276,0.268,0.28,0.09,2.039,0.096,0.289,0.282,0.275,0.268,0.274,0.093,2.055,0.09,0.301,0.283,0.275,0.269,0.278,0.089,2.05,0.092
14:19:33,39,0.285,0.544,0.42,0.355,0.101,0.089,0.34,0.252,0.292,0.599,0.447,0.356,0.092,0.09,0.337,0.251,0.276,0.58,0.451,0.351,0.092,0.091,0.346,0.253,0.296,0.285,0.27,0.266,0.281,0.09,2.043,0.096,0.293,0.283,0.283,0.265,0.276,0.093,2.058,0.09,0.291,0.283,0.278,0.264,0.278,0.089,2.05,0.092
14:39:33,39.1,0.292,0.552,0.407,0.356,0.101,0.089,0.337,0.252,0.312,0.613,0.44,0.363,0.092,0.09,0.336,0.251,0.287,0.59,0.468,0.349,0.092,0.091,0.344,0.253,0.295,0.286,0.278,0.268,0.28,0.09,2.042,0.096,0.288,0.282,0.278,0.266,0.275,0.093,2.059,0.09,0.291,0.283,0.276,0.266,0.278,0.089,2.048,0.092
14:59:33,39.1,0.302,0.557,0.408,0.366,0.101,0.089,0.336,0.252,0.299,0.617,0.449,0.351,0.092,0.089,0.336,0.251,0.283,0.597,0.449,0.378,0.092,0.091,0.348,0.253,0.3,0.286,0.274,0.267,0.28,0.09,2.043,0.096,0.288,0.283,0.278,0.268,0.274,0.093,2.059,0.09,0.29,0.281,0.281,0.265,0.277,0.089,2.05,0.092
15:19:33,39,0.293,0.561,0.414,0.362,0.101,0.089,0.336,0.252,0.293,0.62,0.443,0.357,0.092,0.09,0.335,0.251,0.29,0.616,0.456,0.362,0.092,0.091,0.347,0.253,0.296,0.285,0.28,0.268,0.282,0.09,2.044,0.096,0.287,0.282,0.279,0.265,0.28,0.093,2.056,0.09,0.295,0.282,0.285,0.265,0.277,0.089,2.05,0.092
15:39:33,39.1,0.297,0.567,0.417,0.366,0.101,0.089,0.332,0.252,0.308,0.63,0.45,0.36,0.092,0.09,0.336,0.251,0.288,0.613,0.466,0.372,0.092,0.091,0.346,0.253,0.295,0.285,0.282,0.278,0.28,0.09,2.043,0.096,0.293,0.283,0.277,0.264,0.274,0.093,2.056,0.09,0.291,0.283,0.283,0.265,0.278,0.089,2.051,0.092
15:59:33,39,0.31,0.566,0.411,0.372,0.101,0.089,0.334,0.252,0.306,0.637,0.438,0.391,0.092,0.09,0.334,0.251,0.285,0.612,0.451,0.385,0.092,0.091,0.343,0.253,0.296,0.284,0.273,0.273,0.28,0.09,2.044,0.096,0.288,0.281,0.276,0.266,0.275,0.093,2.055,0.09,0.293,0.283,0.281,0.269,0.277,0.089,2.05,0.092
16:19:33,39.1,0.311,0.567,0.402,0.38,0.101,0.089,0.332,0.252,0.306,0.637,0.446,0.41,0.092,0.09,0.335,0.251,0.31,0.613,0.448,0.404,0.092,0.091,0.344,0.253,0.294,0.285,0.28,0.276,0.281,0.09,2.045,0.096,0.294,0.283,0.279,0.267,0.274,0.093,2.058,0.09,0.291,0.282,0.275,0.267,0.279,0.089,2.054,0.092
16:39:33,39,0.301,0.571,0.412,0.394,0.101,0.089,0.332,0.253,0.318,0.639,0.451,0.412,0.092,0.089,0.332,0.251,0.318,0.617,0.453,0.411,0.092,0.091,0.345,0.253,0.295,0.285,0.283,0.277,0.28,0.09,2.047,0.096,0.286,0.283,0.279,0.271,0.276,0.093,2.061,0.09,0.289,0.286,0.275,0.267,0.278,0.089,2.054,0.092
16:59:33,39.1,0.325,0.574,0.411,0.398,0.101,0.089,0.331,0.252,0.316,0.638,0.451,0.401,0.092,0.09,0.334,0.251,0.305,0.617,0.459,0.407,0.092,0.091,0.342,0.253,0.298,0.285,0.273,0.279,0.283,0.09,2.048,0.096,0.287,0.283,0.278,0.272,0.275,0.093,2.058,0.09,0.294,0.283,0.276,0.267,0.277,0.089,2.054,0.092
17:19:33,39,0.308,0.576,0.416,0.422,0.101,0.089,0.331,0.252,0.318,0.643,0.44,0.421,0.092,0.09,0.333,0.251,0.315,0.615,0.451,0.442,0.092,0.091,0.345,0.253,0.3,0.285,0.273,0.283,0.282,0.09,2.047,0.096,0.291,0.281,0.285,0.268,0.276,0.093,2.061,0.09,0.291,0.282,0.275,0.27,0.278,0.089,2.055,0.092
17:39:33,39.1,0.319,0.582,0.408,0.464,0.101,0.089,0.329,0.252,0.327,0.643,0.456,0.427,0.092,0.09,0.331,0.251,0.322,0.621,0.459,0.441,0.092,0.091,0.345,0.253,0.299,0.285,0.279,0.286,0.281,0.09,2.047,0.096,0.29,0.282,0.278,0.269,0.28,0.093,2.06,0.09,0.289,0.282,0.28,0.271,0.288,0.089,2.055,0.092
17:59:33,39,0.316,0.583,0.41,0.464,0.101,0.089,0.333,0.252,0.317,0.643,0.433,0.427,0.092,0.09,0.331,0.251,0.319,0.618,0.454,0.47,0.092,0.091,0.343,0.253,0.297,0.284,0.28,0.294,0.28,0.09,2.049,0.096,0.288,0.281,0.275,0.27,0.276,0.093,2.06,0.09,0.29,0.282,0.276,0.271,0.28,0.089,2.059,0.092
18:19:33,39.1,0.319,0.593,0.4,0.459,0.101,0.089,0.329,0.252,0.33,0.644,0.448,0.441,0.092,0.09,0.33,0.251,0.338,0.617,0.443,0.481,0.092,0.091,0.344,0.253,0.294,0.284,0.302,0.301,0.281,0.09,2.048,0.096,0.286,0.282,0.278,0.272,0.276,0.093,2.059,0.09,0.29,0.281,0.277,0.272,0.277,0.089,2.057,0.092
18:39:33,39.1,0.318,0.582,0.405,0.472,0.101,0.089,0.329,0.252,0.326,0.646,0.438,0.446,0.092,0.089,0.331,0.251,0.33,0.619,0.456,0.52,0.092,0.091,0.343,0.253,0.296,0.283,0.279,0.308,0.279,0.09,2.047,0.096,0.286,0.283,0.283,0.272,0.277,0.093,2.06,0.09,0.289,0.281,0.276,0.28,0.277,0.089,2.056,0.092
18:59:33,39.1,0.322,0.576,0.418,0.473,0.102,0.089,0.331,0.253,0.336,0.645,0.431,0.467,0.092,0.09,0.331,0.251,0.322,0.623,0.454,0.519,0.092,0.091,0.342,0.253,0.297,0.285,0.297,0.325,0.279,0.09,2.048,0.096,0.289,0.283,0.279,0.28,0.277,0.093,2.061,0.091,0.292,0.282,0.277,0.277,0.279,0.089,2.057,0.092
19:19:33,39,0.312,0.577,0.404,0.493,0.101,0.089,0.327,0.252,0.323,0.645,0.426,0.508,0.092,0.09,0.33,0.251,0.323,0.616,0.452,0.546,0.092,0.091,0.34,0.253,0.3,0.285,0.287,0.335,0.279,0.09,2.047,0.096,0.285,0.283,0.279,0.281,0.276,0.093,2.062,0.09,0.289,0.282,0.276,0.282,0.277,0.089,2.062,0.092
19:39:33,39,0.326,0.654,0.403,0.528,0.101,0.089,0.325,0.252,0.33,0.65,0.435,0.512,0.092,0.09,0.328,0.251,0.314,0.621,0.457,0.558,0.092,0.091,0.341,0.253,0.296,0.284,0.281,0.345,0.28,0.09,2.049,0.096,0.286,0.283,0.282,0.282,0.28,0.093,2.062,0.09,0.289,0.283,0.274,0.296,0.278,0.089,2.059,0.092
19:59:33,39,0.328,0.579,0.404,0.577,0.101,0.089,0.331,0.252,0.335,0.642,0.432,0.556,0.092,0.09,0.328,0.251,0.315,0.616,0.456,0.599,0.092,0.091,0.339,0.253,0.294,0.284,0.32,0.355,0.281,0.09,2.052,0.096,0.287,0.282,0.279,0.285,0.278,0.093,2.063,0.09,0.289,0.282,0.274,0.288,0.275,0.089,2.058,0.092
20:19:33,39,0.321,0.58,0.398,0.558,0.101,0.089,0.329,0.253,0.332,0.64,0.437,0.553,0.092,0.09,0.329,0.251,0.325,0.617,0.454,0.61,0.092,0.091,0.338,0.253,0.295,0.283,0.297,0.37,0.279,0.09,2.052,0.096,0.291,0.281,0.281,0.29,0.276,0.093,2.062,0.091,0.288,0.282,0.278,0.297,0.276,0.089,2.062,0.092
20:39:33,39,0.313,0.584,0.409,0.623,0.101,0.089,0.326,0.252,0.325,0.643,0.432,0.553,0.092,0.09,0.325,0.251,0.321,0.617,0.439,0.664,0.092,0.091,0.337,0.253,0.297,0.284,0.291,0.383,0.282,0.09,2.051,0.096,0.285,0.281,0.275,0.294,0.273,0.093,2.068,0.09,0.288,0.282,0.277,0.297,0.282,0.089,2.061,0.092
20:59:33,39,0.33,0.58,0.399,0.618,0.101,0.089,0.326,0.252,0.347,0.642,0.435,0.598,0.092,0.089,0.325,0.251,0.325,0.624,0.443,0.688,0.092,0.091,0.34,0.253,0.295,0.284,0.297,0.391,0.284,0.09,2.053,0.096,0.288,0.281,0.276,0.3,0.276,0.093,2.069,0.09,0.289,0.282,0.279,0.302,0.276,0.089,2.063,0.092
21:19:33,39.1,0.325,0.582,0.405,0.665,0.101,0.089,0.326,0.252,0.337,0.643,0.423,0.6,0.092,0.09,0.326,0.251,0.336,0.626,0.459,0.739,0.092,0.091,0.337,0.253,0.298,0.284,0.307,0.402,0.28,0.09,2.055,0.096,0.286,0.283,0.278,0.308,0.274,0.093,2.067,0.09,0.289,0.282,0.278,0.312,0.278,0.089,2.063,0.092
21:39:33,39.1,0.33,0.579,0.407,0.715,0.101,0.089,0.326,0.252,0.332,0.64,0.436,0.635,0.092,0.09,0.323,0.251,0.333,0.617,0.448,0.726,0.092,0.091,0.337,0.253,0.296,0.283,0.372,0.413,0.28,0.09,2.054,0.096,0.289,0.281,0.277,0.321,0.273,0.093,2.07,0.09,0.291,0.282,0.277,0.321,0.275,0.089,2.062,0.092
21:59:33,39.1,0.326,0.58,0.405,0.71,0.101,0.089,0.325,0.253,0.332,0.639,0.435,0.68,0.092,0.089,0.323,0.251,0.321,0.622,0.443,0.798,0.092,0.091,0.339,0.253,0.296,0.284,0.318,0.426,0.279,0.09,2.059,0.096,0.289,0.281,0.278,0.328,0.276,0.093,2.069,0.09,0.289,0.282,0.276,0.341,0.28,0.089,2.064,0.092
22:19:33,39,0.321,0.583,0.402,0.794,0.101,0.089,0.324,0.252,0.332,0.644,0.426,0.724,0.092,0.09,0.324,0.251,0.324,0.618,0.457,0.811,0.092,0.091,0.339,0.253,0.299,0.287,0.331,0.437,0.278,0.09,2.058,0.096,0.289,0.281,0.277,0.341,0.274,0.093,2.07,0.091,0.296,0.284,0.277,0.351,0.278,0.089,2.064,0.092
22:39:33,39.1,0.32,0.58,0.399,0.842,0.101,0.089,0.324,0.252,0.33,0.64,0.438,0.803,0.092,0.09,0.323,0.251,0.307,0.616,0.449,0.862,0.092,0.091,0.335,0.253,0.294,0.284,0.317,0.451,0.278,0.09,2.061,0.096,0.287,0.281,0.279,0.35,0.275,0.093,2.071,0.09,0.289,0.281,0.283,0.338,0.279,0.089,2.066,0.092
22:59:33,39,0.32,0.583,0.4,0.904,0.101,0.089,0.328,0.252,0.338,0.645,0.437,0.792,0.092,0.09,0.323,0.251,0.32,0.621,0.447,0.937,0.092,0.091,0.338,0.253,0.294,0.284,0.338,0.464,0.287,0.09,2.062,0.096,0.287,0.281,0.28,0.36,0.275,0.093,2.073,0.09,0.289,0.281,0.275,0.341,0.28,0.089,2.066,0.092
23:19:33,39.1,0.313,0.579,0.398,0.918,0.101,0.089,0.322,0.252,0.345,0.64,0.421,0.837,0.092,0.09,0.323,0.251,0.335,0.621,0.443,0.977,0.092,0.091,0.336,0.253,0.304,0.284,0.332,0.479,0.279,0.09,2.062,0.096,0.287,0.282,0.279,0.37,0.276,0.093,2.073,0.091,0.29,0.284,0.279,0.346,0.276,0.089,2.067,0.092
23:39:33,39,0.335,0.585,0.408,0.979,0.101,0.089,0.321,0.253,0.342,0.641,0.439,0.881,0.092,0.09,0.322,0.251,0.336,0.617,0.445,1.069,0.092,0.091,0.336,0.253,0.297,0.284,0.333,0.49,0.279,0.09,2.062,0.096,0.287,0.282,0.28,0.377,0.283,0.093,2.075,0.091,0.288,0.283,0.277,0.355,0.276,0.089,2.069,0.092
23:59:33,38.9,0.328,0.582,0.397,1.034,0.101,0.089,0.325,0.252,0.332,0.637,0.434,0.934,0.092,0.09,0.321,0.251,0.336,0.622,0.462,1.132,0.092,0.091,0.337,0.253,0.298,0.284,0.345,0.491,0.281,0.09,2.068,0.096,0.285,0.282,0.282,0.388,0.274,0.093,2.076,0.091,0.289,0.283,0.285,0.352,0.277,0.089,2.069,0.092
24:19:33,39.1,0.335,0.583,0.405,1.154,0.101,0.089,0.321,0.253,0.335,0.635,0.439,0.991,0.092,0.09,0.321,0.252,0.332,0.618,0.451,1.197,0.092,0.091,0.337,0.253,0.298,0.283,0.335,0.508,0.278,0.09,2.069,0.096,0.286,0.282,0.278,0.398,0.273,0.093,2.077,0.091,0.289,0.282,0.281,0.359,0.277,0.089,2.069,0.092
24:39:33,39,0.335,0.584,0.396,1.166,0.101,0.089,0.32,0.252,0.345,0.635,0.437,1.087,0.092,0.09,0.321,0.251,0.331,0.621,0.458,1.267,0.092,0.091,0.336,0.253,0.297,0.284,0.361,0.519,0.281,0.09,2.07,0.096,0.292,0.282,0.28,0.402,0.274,0.093,2.078,0.091,0.296,0.283,0.278,0.356,0.28,0.089,2.07,0.092
24:59:33,39.1,0.32,0.593,0.404,1.271,0.101,0.089,0.324,0.252,0.342,0.638,0.433,1.148,0.092,0.09,0.32,0.251,0.328,0.621,0.458,1.354,0.092,0.091,0.334,0.253,0.295,0.284,0.361,0.525,0.279,0.09,2.071,0.096,0.291,0.281,0.278,0.409,0.276,0.093,2.079,0.091,0.294,0.284,0.281,0.368,0.276,0.089,2.072,0.092
25:19:33,39,0.324,0.585,0.401,1.288,0.101,0.089,0.322,0.252,0.332,0.635,0.439,1.222,0.092,0.09,0.319,0.252,0.333,0.619,0.454,1.376,0.092,0.091,0.333,0.253,0.295,0.284,0.348,0.536,0.28,0.09,2.073,0.096,0.287,0.282,0.279,0.421,0.275,0.093,2.079,0.091,0.288,0.281,0.278,0.361,0.278,0.089,2.072,0.092
25:39:33,39.1,0.329,0.583,0.404,1.351,0.101,0.089,0.322,0.252,0.331,0.635,0.427,1.261,0.092,0.09,0.319,0.251,0.338,0.613,0.455,1.441,0.092,0.091,0.338,0.253,0.293,0.283,0.358,0.57,0.278,0.09,2.076,0.096,0.288,0.281,0.277,0.42,0.276,0.093,2.082,0.091,0.288,0.282,0.277,0.367,0.275,0.089,2.074,0.092
25:59:33,39.1,0.335,0.578,0.406,1.418,0.101,0.089,0.321,0.253,0.331,0.638,0.426,1.312,0.092,0.09,0.317,0.251,0.315,0.617,0.45,1.502,0.092,0.091,0.336,0.253,0.296,0.285,0.359,0.576,0.278,0.09,2.075,0.096,0.285,0.283,0.278,0.424,0.275,0.093,2.08,0.091,0.288,0.282,0.275,0.377,0.277,0.089,2.075,0.092
26:19:33,39,0.327,0.584,0.4,1.477,0.101,0.089,0.319,0.252,0.347,0.634,0.425,1.389,0.092,0.09,0.315,0.251,0.323,0.612,0.453,1.557,0.092,0.091,0.334,0.253,0.302,0.283,0.378,0.562,0.282,0.09,2.078,0.096,0.29,0.281,0.276,0.432,0.274,0.093,2.082,0.091,0.291,0.282,0.279,0.369,0.276,0.089,2.074,0.092
26:39:33,39.1,0.32,0.582,0.402,1.547,0.101,0.089,0.319,0.252,0.34,0.633,0.428,1.491,0.092,0.09,0.318,0.251,0.328,0.617,0.456,1.631,0.092,0.091,0.335,0.253,0.295,0.283,0.398,0.577,0.28,0.09,2.077,0.096,0.293,0.281,0.28,0.437,0.276,0.093,2.082,0.091,0.289,0.282,0.285,0.368,0.274,0.089,2.076,0.092
26:59:33,39,0.321,0.582,0.402,1.61,0.102,0.089,0.319,0.252,0.341,0.629,0.434,1.574,0.092,0.09,0.317,0.251,0.333,0.612,0.461,1.639,0.092,0.091,0.335,0.253,0.301,0.285,0.397,0.589,0.279,0.09,2.081,0.096,0.287,0.282,0.282,0.449,0.274,0.093,2.084,0.091,0.288,0.283,0.278,0.376,0.275,0.089,2.076,0.092
27:19:33,39.1,0.334,0.593,0.395,1.665,0.101,0.089,0.318,0.252,0.33,0.632,0.43,1.616,0.092,0.09,0.316,0.251,0.304,0.616,0.463,1.7,0.092,0.091,0.334,0.253,0.295,0.285,0.401,0.589,0.281,0.09,2.078,0.096,0.286,0.283,0.278,0.448,0.275,0.093,2.083,0.091,0.288,0.282,0.281,0.381,0.277,0.089,2.077,0.092
27:39:33,39,0.318,0.587,0.404,1.709,0.101,0.089,0.317,0.252,0.325,0.641,0.439,1.627,0.092,0.09,0.317,0.251,0.314,0.617,0.452,1.774,0.092,0.091,0.333,0.253,0.299,0.283,0.449,0.599,0.277,0.09,2.081,0.096,0.286,0.281,0.277,0.454,0.281,0.093,2.086,0.091,0.29,0.284,0.282,0.377,0.278,0.089,2.077,0.092
27:59:33,39.1,0.333,0.595,0.424,1.716,0.102,0.089,0.319,0.252,0.341,0.629,0.427,1.732,0.091,0.089,0.315,0.251,0.311,0.614,0.456,1.77,0.092,0.091,0.334,0.253,0.295,0.284,0.4,0.605,0.279,0.09,2.081,0.096,0.286,0.282,0.281,0.463,0.275,0.093,2.084,0.091,0.287,0.283,0.29,0.374,0.274,0.089,2.079,0.092
28:19:33,39.1,0.323,0.588,0.406,1.78,0.101,0.089,0.319,0.252,0.344,0.631,0.429,1.745,0.092,0.09,0.316,0.251,0.326,0.613,0.448,1.846,0.092,0.091,0.333,0.253,0.295,0.284,0.43,0.617,0.278,0.09,2.085,0.096,0.29,0.282,0.28,0.472,0.273,0.093,2.087,0.091,0.289,0.283,0.284,0.377,0.275,0.089,2.078,0.092
28:39:33,39,0.321,0.587,0.399,1.82,0.101,0.089,0.319,0.252,0.334,0.628,0.428,1.77,0.092,0.09,0.314,0.251,0.332,0.612,0.457,1.848,0.092,0.091,0.333,0.253,0.293,0.286,0.403,0.615,0.279,0.09,2.087,0.096,0.288,0.282,0.289,0.469,0.274,0.093,2.093,0.091,0.288,0.283,0.281,0.379,0.276,0.089,2.079,0.092
28:59:33,39.1,0.337,0.586,0.406,1.791,0.101,0.089,0.318,0.252,0.335,0.628,0.435,1.817,0.092,0.09,0.315,0.251,0.315,0.617,0.462,1.883,0.092,0.091,0.334,0.253,0.295,0.283,0.413,0.621,0.279,0.09,2.086,0.096,0.286,0.282,0.293,0.484,0.278,0.093,2.088,0.091,0.29,0.282,0.285,0.383,0.275,0.089,2.079,0.092
29:19:33,39.1,0.325,0.594,0.401,1.783,0.101,0.089,0.316,0.252,0.34,0.635,0.433,1.863,0.092,0.09,0.315,0.251,0.333,0.615,0.451,1.913,0.092,0.091,0.331,0.253,0.294,0.283,0.466,0.628,0.278,0.09,2.083,0.096,0.286,0.281,0.286,0.476,0.275,0.093,2.087,0.091,0.288,0.283,0.279,0.38,0.28,0.089,2.08,0.092
29:39:33,39.1,0.323,0.587,0.405,1.794,0.101,0.089,0.317,0.252,0.336,0.627,0.439,1.905,0.092,0.09,0.315,0.251,0.34,0.621,0.443,1.909,0.092,0.091,0.332,0.253,0.3,0.284,0.448,0.633,0.282,0.09,2.089,0.096,0.289,0.282,0.285,0.48,0.276,0.093,2.092,0.091,0.292,0.284,0.29,0.385,0.276,0.089,2.081,0.092
29:59:33,39,0.33,0.592,0.409,1.783,0.101,0.089,0.318,0.252,0.347,0.628,0.439,1.875,0.092,0.09,0.315,0.251,0.327,0.615,0.448,1.895,0.092,0.091,0.334,0.253,0.294,0.284,0.453,0.641,0.282,0.09,2.093,0.096,0.283,0.281,0.283,0.48,0.275,0.093,2.091,0.091,0.288,0.285,0.284,0.393,0.276,0.089,2.082,0.092
30:19:33,39.1,0.336,0.593,0.406,1.774,0.101,0.089,0.315,0.252,0.331,0.629,0.435,1.821,0.092,0.09,0.313,0.251,0.322,0.613,0.453,1.894,0.092,0.091,0.331,0.253,0.295,0.284,0.457,0.631,0.279,0.09,2.093,0.096,0.293,0.282,0.288,0.48,0.278,0.093,2.095,0.091,0.289,0.284,0.285,0.393,0.278,0.089,2.081,0.092
30:39:33,39.1,0.329,0.592,0.407,1.761,0.101,0.089,0.316,0.252,0.335,0.623,0.444,1.789,0.092,0.089,0.313,0.252,0.335,0.617,0.452,1.897,0.092,0.091,0.331,0.253,0.294,0.284,0.465,0.636,0.279,0.09,2.093,0.096,0.286,0.282,0.295,0.482,0.276,0.093,2.093,0.091,0.294,0.284,0.283,0.39,0.278,0.089,2.082,0.092
30:59:33,39,0.33,0.599,0.4,1.792,0.101,0.089,0.316,0.252,0.346,0.622,0.439,1.807,0.092,0.09,0.312,0.251,0.336,0.613,0.454,1.881,0.092,0.091,0.341,0.253,0.297,0.285,0.457,0.64,0.285,0.09,2.093,0.096,0.288,0.283,0.287,0.484,0.275,0.093,2.096,0.091,0.287,0.283,0.304,0.382,0.276,0.089,2.085,0.092
31:19:33,39.1,0.325,0.592,0.404,1.768,0.101,0.089,0.316,0.252,0.327,0.623,0.442,1.836,0.092,0.09,0.313,0.251,0.332,0.613,0.441,1.9,0.092,0.091,0.331,0.253,0.297,0.284,0.453,0.673,0.279,0.09,2.097,0.096,0.298,0.282,0.289,0.483,0.277,0.093,2.097,0.091,0.289,0.283,0.291,0.383,0.276,0.089,2.083,0.092
31:39:33,39,0.328,0.596,0.407,1.791,0.101,0.089,0.315,0.252,0.325,0.622,0.442,1.81,0.092,0.09,0.313,0.251,0.329,0.612,0.435,1.898,0.092,0.091,0.331,0.253,0.297,0.284,0.478,0.642,0.284,0.09,2.097,0.096,0.285,0.281,0.293,0.482,0.272,0.093,2.098,0.091,0.288,0.285,0.296,0.387,0.276,0.089,2.086,0.092
31:59:33,39,0.336,0.598,0.406,1.772,0.101,0.089,0.313,0.252,0.341,0.62,0.429,1.829,0.092,0.09,0.312,0.251,0.353,0.61,0.448,1.929,0.092,0.091,0.329,0.253,0.297,0.284,0.487,0.64,0.279,0.09,2.1,0.096,0.285,0.285,0.312,0.491,0.274,0.093,2.1,0.091,0.29,0.285,0.295,0.388,0.275,0.089,2.085,0.092
32:19:33,39.1,0.332,0.598,0.406,1.765,0.101,0.089,0.315,0.252,0.331,0.625,0.438,1.837,0.092,0.09,0.311,0.251,0.328,0.612,0.438,1.89,0.092,0.091,0.329,0.253,0.304,0.284,0.463,0.631,0.28,0.09,2.1,0.096,0.285,0.282,0.299,0.482,0.274,0.093,2.103,0.091,0.288,0.284,0.311,0.394,0.276,0.089,2.085,0.092
32:39:33,39.1,0.337,0.589,0.406,1.745,0.101,0.089,0.316,0.252,0.321,0.622,0.437,1.799,0.092,0.09,0.312,0.251,0.339,0.613,0.438,1.929,0.092,0.091,0.332,0.253,0.294,0.284,0.468,0.633,0.278,0.09,2.101,0.096,0.286,0.281,0.3,0.489,0.278,0.093,2.102,0.091,0.29,0.285,0.314,0.386,0.276,0.089,2.084,0.092
32:59:33,39,0.347,0.592,0.404,1.776,0.101,0.089,0.316,0.252,0.323,0.619,0.436,1.839,0.092,0.089,0.312,0.251,0.328,0.618,0.446,1.898,0.092,0.091,0.331,0.253,0.299,0.284,0.481,0.631,0.282,0.09,2.103,0.096,0.285,0.283,0.314,0.492,0.276,0.093,2.097,0.091,0.291,0.284,0.311,0.389,0.282,0.089,2.087,0.092
33:19:33,39.1,0.366,0.583,0.404,1.789,0.101,0.089,0.315,0.252,0.346,0.618,0.433,1.819,0.092,0.09,0.312,0.251,0.327,0.609,0.443,1.925,0.092,0.091,0.328,0.253,0.296,0.283,0.493,0.617,0.278,0.09,2.099,0.096,0.286,0.282,0.307,0.49,0.28,0.093,2.105,0.091,0.29,0.284,0.31,0.383,0.276,0.089,2.087,0.092
33:39:33,39.1,0.328,0.589,0.405,1.727,0.101,0.089,0.315,0.252,0.331,0.618,0.43,1.794,0.092,0.09,0.312,0.251,0.328,0.612,0.452,1.924,0.092,0.091,0.331,0.253,0.297,0.285,0.463,0.595,0.278,0.09,2.104,0.096,0.29,0.282,0.309,0.491,0.279,0.093,2.104,0.091,0.294,0.286,0.298,0.399,0.275,0.089,2.084,0.092
33:59:33,39,0.368,0.594,0.411,1.76,0.101,0.089,0.316,0.253,0.348,0.62,0.421,1.806,0.092,0.09,0.312,0.251,0.325,0.613,0.441,1.938,0.092,0.091,0.33,0.253,0.295,0.284,0.478,0.589,0.278,0.09,2.11,0.096,0.287,0.282,0.303,0.492,0.276,0.093,2.103,0.091,0.294,0.285,0.315,0.384,0.276,0.089,2.088,0.092
34:19:33,39,0.356,0.589,0.402,1.801,0.102,0.089,0.317,0.252,0.325,0.617,0.426,1.798,0.092,0.09,0.31,0.251,0.334,0.61,0.452,1.877,0.092,0.091,0.33,0.253,0.298,0.284,0.489,0.587,0.278,0.09,2.107,0.096,0.287,0.282,0.31,0.494,0.275,0.093,2.107,0.091,0.289,0.286,0.304,0.391,0.279,0.089,2.088,0.092
34:39:33,39.1,0.399,0.591,0.411,1.762,0.102,0.089,0.312,0.252,0.323,0.617,0.429,1.817,0.092,0.09,0.31,0.251,0.337,0.612,0.441,1.947,0.092,0.091,0.328,0.253,0.298,0.285,0.483,0.589,0.28,0.09,2.108,0.096,0.287,0.281,0.322,0.487,0.273,0.093,2.107,0.091,0.292,0.284,0.322,0.388,0.275,0.089,2.087,0.092
34:59:33,39,0.454,0.588,0.402,1.768,0.102,0.089,0.314,0.252,0.354,0.62,0.438,1.822,0.092,0.09,0.309,0.251,0.336,0.609,0.464,1.984,0.092,0.091,0.33,0.253,0.295,0.284,0.484,0.581,0.28,0.09,2.105,0.096,0.285,0.283,0.321,0.491,0.274,0.093,2.107,0.091,0.288,0.285,0.326,0.388,0.277,0.089,2.087,0.092
35:19:33,39,0.369,0.586,0.413,1.764,0.101,0.089,0.314,0.252,0.337,0.616,0.428,1.829,0.092,0.09,0.31,0.251,0.318,0.607,0.444,1.948,0.092,0.091,0.328,0.253,0.295,0.284,0.476,0.577,0.277,0.09,2.111,0.096,0.288,0.282,0.324,0.492,0.282,0.093,2.109,0.091,0.289,0.285,0.312,0.381,0.275,0.089,2.088,0.092
35:39:33,39.1,0.359,0.588,0.403,1.706,0.102,0.089,0.316,0.252,0.33,0.612,0.431,1.771,0.092,0.09,0.31,0.251,0.328,0.61,0.447,1.983,0.092,0.091,0.328,0.253,0.295,0.286,0.452,0.583,0.278,0.09,2.108,0.096,0.287,0.282,0.325,0.485,0.276,0.093,2.106,0.091,0.287,0.285,0.312,0.385,0.279,0.089,2.087,0.092
35:59:33,39,0.391,0.588,0.414,1.762,0.101,0.089,0.315,0.252,0.343,0.616,0.428,1.759,0.092,0.09,0.308,0.251,0.318,0.609,0.442,1.995,0.092,0.091,0.329,0.253,0.297,0.284,0.458,0.566,0.279,0.09,2.109,0.096,0.286,0.282,0.323,0.489,0.276,0.093,2.107,0.091,0.297,0.285,0.321,0.383,0.275,0.089,2.088,0.092
36:19:33,39.1,0.397,0.585,0.403,1.727,0.101,0.089,0.314,0.252,0.339,0.614,0.426,1.782,0.092,0.09,0.307,0.251,0.332,0.614,0.446,1.949,0.092,0.091,0.329,0.253,0.295,0.284,0.471,0.573,0.279,0.09,2.112,0.096,0.288,0.282,0.314,0.496,0.273,0.093,2.106,0.091,0.292,0.286,0.333,0.392,0.275,0.089,2.088,0.092
36:39:33,39.1,0.411,0.588,0.41,1.752,0.101,0.089,0.313,0.252,0.331,0.617,0.453,1.799,0.092,0.09,0.309,0.251,0.332,0.61,0.44,1.961,0.092,0.091,0.328,0.253,0.297,0.284,0.479,0.554,0.277,0.09,2.114,0.096,0.286,0.281,0.312,0.489,0.274,0.093,2.105,0.091,0.289,0.285,0.319,0.383,0.275,0.089,2.088,0.092
36:59:33,39,0.434,0.593,0.41,1.747,0.102,0.089,0.313,0.252,0.32,0.62,0.432,1.767,0.092,0.09,0.309,0.251,0.336,0.611,0.444,1.994,0.092,0.091,0.329,0.253,0.295,0.285,0.461,0.564,0.279,0.09,2.115,0.096,0.287,0.282,0.326,0.489,0.275,0.093,2.108,0.091,0.293,0.287,0.334,0.381,0.275,0.089,2.09,0.092
37:19:33,39,0.402,0.592,0.404,1.803,0.101,0.089,0.313,0.252,0.318,0.614,0.427,1.76,0.092,0.09,0.31,0.251,0.333,0.61,0.45,1.923,0.092,0.091,0.326,0.253,0.296,0.285,0.486,0.555,0.279,0.09,2.115,0.096,0.287,0.283,0.33,0.485,0.274,0.093,2.103,0.091,0.293,0.285,0.32,0.378,0.276,0.089,2.089,0.092
37:39:33,39,0.394,0.594,0.421,1.698,0.101,0.089,0.315,0.252,0.337,0.613,0.423,1.796,0.092,0.09,0.308,0.251,0.341,0.61,0.461,1.956,0.092,0.091,0.327,0.253,0.295,0.285,0.489,0.562,0.279,0.09,2.117,0.096,0.289,0.282,0.333,0.477,0.273,0.093,2.106,0.091,0.291,0.288,0.328,0.38,0.276,0.089,2.089,0.092
37:59:33,39,0.412,0.589,0.422,1.762,0.101,0.089,0.312,0.252,0.329,0.612,0.426,1.795,0.092,0.09,0.31,0.251,0.325,0.607,0.452,1.943,0.092,0.091,0.329,0.253,0.296,0.284,0.461,0.549,0.279,0.09,2.116,0.096,0.297,0.283,0.328,0.485,0.275,0.093,2.108,0.091,0.292,0.287,0.323,0.379,0.276,0.089,2.091,0.092
38:19:33,39.1,0.402,0.591,0.404,1.744,0.101,0.089,0.312,0.252,0.323,0.612,0.429,1.727,0.092,0.09,0.307,0.251,0.333,0.609,0.45,1.992,0.092,0.091,0.329,0.253,0.295,0.284,0.477,0.542,0.277,0.09,2.116,0.096,0.284,0.283,0.312,0.489,0.276,0.093,2.107,0.091,0.293,0.287,0.314,0.384,0.276,0.089,2.088,0.092
38:39:33,39,0.413,0.588,0.406,1.722,0.102,0.089,0.313,0.252,0.342,0.615,0.428,1.785,0.092,0.09,0.308,0.251,0.321,0.611,0.445,1.94,0.092,0.091,0.326,0.253,0.294,0.286,0.463,0.537,0.278,0.09,2.116,0.096,0.286,0.282,0.33,0.475,0.273,0.093,2.109,0.091,0.288,0.288,0.328,0.393,0.278,0.089,2.089,0.092
38:59:33,39.1,0.423,0.589,0.402,1.764,0.101,0.089,0.311,0.252,0.328,0.61,0.435,1.753,0.092,0.09,0.309,0.251,0.45,0.607,0.449,1.988,0.092,0.091,0.327,0.253,0.294,0.284,0.467,0.541,0.279,0.09,2.119,0.096,0.286,0.284,0.328,0.475,0.28,0.093,2.109,0.091,0.29,0.29,0.327,0.38,0.276,0.089,2.09,0.092
39:19:33,39,0.446,0.602,0.398,1.723,0.102,0.089,0.311,0.252,0.337,0.608,0.428,1.754,0.092,0.09,0.307,0.251,0.331,0.607,0.434,1.974,0.092,0.091,0.328,0.253,0.296,0.287,0.497,0.535,0.277,0.09,2.121,0.096,0.286,0.283,0.326,0.484,0.274,0.093,2.11,0.091,0.291,0.287,0.323,0.383,0.279,0.089,2.089,0.092
39:39:33,39.1,0.434,0.59,0.403,1.734,0.101,0.089,0.313,0.252,0.343,0.608,0.426,1.752,0.092,0.09,0.307,0.251,0.328,0.606,0.449,1.978,0.092,0.091,0.327,0.253,0.301,0.285,0.493,0.531,0.279,0.09,2.119,0.096,0.285,0.283,0.327,0.479,0.275,0.093,2.113,0.091,0.294,0.289,0.312,0.394,0.275,0.089,2.089,0.092
39:59:33,39,0.434,0.591,0.406,1.768,0.101,0.089,0.31,0.252,0.351,0.61,0.424,1.765,0.092,0.09,0.307,0.251,0.343,0.609,0.45,1.963,0.092,0.091,0.328,0.253,0.295,0.285,0.473,0.521,0.28,0.09,2.118,0.096,0.286,0.283,0.332,0.478,0.274,0.093,2.111,0.091,0.288,0.289,0.327,0.385,0.276,0.089,2.09,0.092
40:19:33,39.1,0.457,0.587,0.408,1.766,0.102,0.089,0.31,0.252,0.345,0.607,0.427,1.707,0.092,0.09,0.308,0.251,0.332,0.606,0.452,1.947,0.092,0.091,0.325,0.253,0.294,0.287,0.494,0.51,0.278,0.09,2.119,0.096,0.291,0.284,0.322,0.474,0.275,0.093,2.113,0.091,0.295,0.289,0.321,0.377,0.276,0.089,2.09,0.092
40:39:33,39.1,0.449,0.589,0.416,1.761,0.101,0.089,0.31,0.252,0.341,0.608,0.424,1.731,0.092,0.09,0.306,0.251,0.539,0.607,0.441,1.959,0.092,0.091,0.326,0.253,0.296,0.285,0.479,0.504,0.281,0.09,2.121,0.096,0.287,0.283,0.324,0.475,0.274,0.093,2.114,0.091,0.292,0.29,0.33,0.387,0.277,0.089,2.087,0.092
40:59:33,39.1,0.431,0.591,0.405,1.75,0.101,0.089,0.313,0.252,0.355,0.608,0.436,1.744,0.092,0.09,0.306,0.251,0.327,0.606,0.438,1.957,0.092,0.091,0.326,0.253,0.296,0.286,0.489,0.498,0.291,0.09,2.122,0.096,0.288,0.283,0.326,0.476,0.278,0.093,2.115,0.091,0.291,0.289,0.323,0.378,0.277,0.089,2.087,0.092
41:19:33,39.1,0.493,0.587,0.407,1.727,0.101,0.089,0.314,0.252,0.36,0.608,0.424,1.717,0.092,0.09,0.305,0.251,0.335,0.611,0.434,1.989,0.092,0.091,0.326,0.253,0.294,0.284,0.486,0.498,0.277,0.09,2.122,0.096,0.29,0.283,0.314,0.475,0.275,0.093,2.115,0.091,0.289,0.29,0.336,0.375,0.274,0.089,2.088,0.092
41:39:33,39,0.46,0.588,0.406,1.772,0.101,0.089,0.313,0.252,0.396,0.608,0.423,1.72,0.092,0.09,0.307,0.251,0.374,0.605,0.428,1.934,0.092,0.091,0.326,0.253,0.294,0.285,0.484,0.499,0.282,0.09,2.12,0.096,0.293,0.283,0.329,0.48,0.274,0.093,2.115,0.091,0.292,0.289,0.338,0.381,0.28,0.089,2.087,0.092
41:59:33,39.1,0.447,0.596,0.41,1.717,0.101,0.089,0.314,0.252,0.367,0.606,0.43,1.706,0.092,0.09,0.307,0.251,0.34,0.612,0.442,1.976,0.092,0.091,0.328,0.253,0.299,0.285,0.496,0.497,0.278,0.09,2.124,0.096,0.289,0.282,0.335,0.466,0.275,0.093,2.117,0.091,0.29,0.288,0.324,0.379,0.275,0.089,2.087,0.092
42:19:33,38.9,0.452,0.597,0.413,1.736,0.101,0.089,0.314,0.252,0.367,0.607,0.431,1.731,0.092,0.09,0.308,0.251,0.337,0.605,0.435,1.925,0.092,0.091,0.327,0.253,0.296,0.287,0.478,0.482,0.278,0.09,2.121,0.096,0.288,0.283,0.321,0.466,0.28,0.093,2.116,0.091,0.3,0.292,0.319,0.379,0.275,0.089,2.086,0.092
42:39:33,39.1,0.477,0.594,0.415,1.794,0.102,0.089,0.315,0.252,0.357,0.605,0.431,1.719,0.092,0.09,0.306,0.252,0.364,0.608,0.432,1.966,0.092,0.091,0.327,0.253,0.298,0.284,0.477,0.485,0.279,0.09,2.122,0.096,0.299,0.284,0.318,0.463,0.276,0.093,2.114,0.091,0.292,0.289,0.337,0.372,0.276,0.089,2.088,0.092
42:59:33,39.1,0.458,0.592,0.409,1.757,0.101,0.089,0.314,0.252,0.389,0.608,0.441,1.685,0.092,0.09,0.306,0.251,0.378,0.606,0.428,1.943,0.092,0.091,0.327,0.253,0.294,0.285,0.478,0.492,0.281,0.09,2.124,0.096,0.286,0.284,0.313,0.471,0.276,0.093,2.116,0.091,0.29,0.291,0.326,0.381,0.278,0.089,2.086,0.092
43:19:33,39,0.462,0.596,0.415,1.718,0.101,0.089,0.314,0.252,0.366,0.606,0.437,1.679,0.092,0.09,0.306,0.251,0.364,0.605,0.431,2.004,0.092,0.091,0.326,0.253,0.294,0.286,0.473,0.472,0.28,0.09,2.124,0.096,0.292,0.284,0.323,0.465,0.276,0.093,2.117,0.091,0.293,0.291,0.318,0.387,0.277,0.089,2.086,0.092
43:39:33,39.1,0.5,0.588,0.405,1.763,0.101,0.089,0.313,0.252,0.391,0.605,0.436,1.74,0.092,0.09,0.305,0.251,0.361,0.608,0.434,1.961,0.092,0.091,0.325,0.253,0.295,0.286,0.468,0.482,0.278,0.09,2.123,0.096,0.29,0.285,0.324,0.471,0.274,0.093,2.115,0.091,0.289,0.292,0.33,0.375,0.279,0.089,2.086,0.092
43:59:33,39,0.455,0.589,0.418,1.725,0.101,0.089,0.313,0.252,0.395,0.606,0.43,1.686,0.092,0.09,0.305,0.251,0.361,0.604,0.429,1.986,0.092,0.091,0.326,0.252,0.298,0.284,0.487,0.476,0.278,0.09,2.123,0.096,0.291,0.281,0.339,0.471,0.274,0.093,2.114,0.091,0.291,0.291,0.321,0.385,0.276,0.089,2.086,0.092
44:19:33,39.1,0.496,0.589,0.406,1.788,0.101,0.089,0.312,0.252,0.4,0.604,0.421,1.723,0.092,0.09,0.304,0.251,0.345,0.609,0.431,1.941,0.092,0.091,0.326,0.252,0.294,0.286,0.469,0.466,0.279,0.09,2.124,0.096,0.295,0.283,0.329,0.468,0.274,0.093,2.115,0.091,0.296,0.293,0.341,0.377,0.275,0.089,2.085,0.092
44:39:33,39.1,0.472,0.588,0.41,1.751,0.101,0.089,0.313,0.252,0.412,0.603,0.434,1.774,0.092,0.09,0.304,0.251,0.452,0.608,0.433,1.959,0.092,0.091,0.325,0.253,0.301,0.285,0.483,0.473,0.278,0.09,2.126,0.096,0.299,0.283,0.333,0.468,0.274,0.093,2.12,0.091,0.294,0.293,0.347,0.371,0.276,0.089,2.085,0.092
44:59:33,39.1,0.475,0.594,0.404,1.749,0.101,0.089,0.312,0.252,0.412,0.604,0.433,1.678,0.092,0.09,0.304,0.251,0.358,0.606,0.423,1.984,0.092,0.091,0.326,0.253,0.298,0.284,0.508,0.466,0.281,0.09,2.123,0.096,0.287,0.284,0.326,0.467,0.277,0.093,2.117,0.091,0.294,0.295,0.336,0.389,0.276,0.089,2.085,0.092
45:19:33,39.1,0.481,0.608,0.417,1.726,0.101,0.089,0.312,0.252,0.488,0.605,0.433,1.676,0.092,0.09,0.304,0.251,0.378,0.607,0.441,2.009,0.092,0.091,0.324,0.252,0.295,0.287,0.491,0.467,0.28,0.09,2.124,0.096,0.29,0.283,0.323,0.461,0.276,0.093,2.118,0.091,0.291,0.294,0.344,0.375,0.275,0.089,2.083,0.092
45:39:33,39.1,0.476,0.589,0.404,1.746,0.101,0.089,0.313,0.252,0.43,0.604,0.428,1.705,0.092,0.09,0.305,0.251,0.367,0.608,0.432,1.966,0.092,0.091,0.325,0.253,0.308,0.285,0.49,0.462,0.28,0.09,2.125,0.096,0.288,0.283,0.321,0.465,0.273,0.093,2.118,0.091,0.29,0.294,0.349,0.372,0.275,0.089,2.085,0.092
45:59:33,39.1,0.481,0.594,0.411,1.748,0.101,0.089,0.313,0.252,0.443,0.602,0.418,1.685,0.092,0.09,0.304,0.251,0.39,0.606,0.424,1.978,0.092,0.091,0.324,0.252,0.294,0.285,0.475,0.468,0.279,0.09,2.125,0.096,0.295,0.283,0.342,0.469,0.274,0.093,2.118,0.091,0.298,0.296,0.329,0.38,0.275,0.089,2.081,0.092
46:19:33,39.1,0.472,0.591,0.412,1.768,0.101,0.089,0.311,0.252,0.428,0.601,0.425,1.692,0.092,0.09,0.303,0.251,0.413,0.609,0.431,1.999,0.092,0.091,0.325,0.253,0.296,0.286,0.478,0.453,0.28,0.09,2.124,0.096,0.29,0.285,0.321,0.478,0.277,0.093,2.118,0.091,0.292,0.295,0.33,0.392,0.275,0.089,2.083,0.092
46:39:33,39,0.466,0.593,0.413,1.723,0.102,0.089,0.312,0.252,0.457,0.601,0.425,1.681,0.092,0.09,0.305,0.251,0.391,0.606,0.434,1.99,0.092,0.091,0.325,0.252,0.298,0.286,0.498,0.445,0.281,0.09,2.126,0.096,0.288,0.284,0.32,0.464,0.273,0.093,2.119,0.091,0.292,0.298,0.359,0.385,0.277,0.089,2.083,0.092
46:59:33,39.1,0.473,0.591,0.41,1.782,0.101,0.089,0.314,0.252,0.457,0.603,0.441,1.694,0.092,0.09,0.303,0.251,0.409,0.605,0.435,1.994,0.092,0.091,0.325,0.253,0.295,0.284,0.491,0.44,0.278,0.09,2.125,0.096,0.289,0.284,0.312,0.463,0.275,0.093,2.116,0.091,0.292,0.298,0.352,0.368,0.276,0.089,2.082,0.092
47:19:33,39,0.476,0.593,0.405,1.773,0.102,0.089,0.313,0.251,0.453,0.602,0.423,1.692,0.092,0.09,0.302,0.252,0.421,0.613,0.431,1.937,0.092,0.091,0.325,0.252,0.296,0.286,0.483,0.44,0.279,0.09,2.125,0.096,0.293,0.282,0.332,0.46,0.276,0.093,2.118,0.091,0.292,0.298,0.338,0.378,0.275,0.089,2.081,0.092
47:39:33,39,0.469,0.589,0.406,1.732,0.102,0.089,0.313,0.252,0.505,0.601,0.445,1.655,0.092,0.09,0.301,0.251,0.436,0.604,0.43,1.976,0.092,0.091,0.325,0.253,0.301,0.285,0.476,0.444,0.281,0.09,2.128,0.096,0.291,0.284,0.332,0.456,0.275,0.093,2.121,0.091,0.294,0.299,0.334,0.377,0.279,0.089,2.08,0.092
47:59:33,39.1,0.486,0.593,0.403,1.765,0.101,0.089,0.312,0.252,0.488,0.599,0.42,1.719,0.092,0.09,0.304,0.251,0.4,0.608,0.437,1.99,0.092,0.091,0.323,0.253,0.298,0.285,0.495,0.45,0.281,0.09,2.127,0.096,0.291,0.285,0.324,0.453,0.277,0.093,2.119,0.091,0.294,0.3,0.35,0.369,0.277,0.089,2.081,0.092
48:19:33,39,0.47,0.59,0.409,1.785,0.101,0.089,0.314,0.252,0.471,0.597,0.422,1.71,0.092,0.09,0.303,0.251,0.44,0.601,0.433,1.999,0.092,0.091,0.325,0.252,0.303,0.288,0.482,0.451,0.281,0.09,2.122,0.096,0.29,0.284,0.333,0.463,0.276,0.093,2.116,0.091,0.294,0.301,0.348,0.375,0.28,0.089,2.08,0.092
48:39:33,39.1,0.478,0.585,0.41,1.748,0.102,0.089,0.313,0.251,0.484,0.6,0.432,1.707,0.092,0.09,0.303,0.251,0.416,0.604,0.436,1.944,0.092,0.091,0.323,0.253,0.295,0.285,0.489,0.441,0.278,0.09,2.126,0.096,0.292,0.284,0.329,0.47,0.275,0.093,2.121,0.091,0.294,0.302,0.339,0.367,0.279,0.089,2.08,0.093
48:59:33,39,0.486,0.594,0.415,1.761,0.101,0.089,0.313,0.252,0.809,0.598,0.425,1.686,0.092,0.09,0.303,0.251,0.387,0.605,0.436,1.993,0.092,0.091,0.325,0.252,0.296,0.286,0.49,0.445,0.279,0.09,2.129,0.096,0.292,0.285,0.319,0.461,0.278,0.093,2.122,0.091,0.295,0.3,0.355,0.37,0.277,0.089,2.081,0.092
49:19:33,39,0.461,0.592,0.427,1.729,0.102,0.089,0.313,0.251,0.531,0.595,0.426,1.658,0.092,0.09,0.302,0.251,0.419,0.601,0.431,1.911,0.092,0.091,0.324,0.252,0.298,0.286,0.485,0.435,0.278,0.09,2.126,0.096,0.291,0.284,0.327,0.456,0.275,0.093,2.119,0.091,0.294,0.302,0.36,0.37,0.278,0.089,2.08,0.092
49:39:33,39.1,0.478,0.596,0.417,1.721,0.102,0.089,0.314,0.252,0.505,0.601,0.425,1.722,0.092,0.09,0.303,0.251,0.422,0.601,0.431,1.986,0.092,0.091,0.323,0.252,0.297,0.286,0.49,0.429,0.277,0.09,2.127,0.096,0.293,0.285,0.332,0.474,0.277,0.093,2.117,0.091,0.302,0.302,0.357,0.369,0.279,0.089,2.08,0.093
49:59:33,39,0.482,0.604,0.416,1.714,0.101,0.089,0.312,0.252,0.535,0.596,0.424,1.723,0.092,0.09,0.304,0.251,0.446,0.601,0.439,1.952,0.092,0.091,0.326,0.252,0.295,0.286,0.485,0.442,0.278,0.09,2.126,0.096,0.294,0.284,0.332,0.473,0.278,0.093,2.119,0.091,0.296,0.305,0.34,0.374,0.278,0.089,2.078,0.092
50:19:33,39.1,0.507,0.589,0.421,1.742,0.101,0.089,0.311,0.251,0.488,0.595,0.435,1.715,0.092,0.09,0.303,0.251,0.412,0.601,0.431,1.937,0.092,0.091,0.324,0.252,0.296,0.285,0.496,0.44,0.279,0.09,2.124,0.096,0.293,0.284,0.322,0.46,0.275,0.093,2.119,0.091,0.302,0.305,0.349,0.37,0.28,0.089,2.078,0.092
50:39:33,39.1,0.471,0.599,0.417,1.725,0.101,0.089,0.311,0.251,0.552,0.597,0.445,1.723,0.092,0.09,0.302,0.251,0.456,0.606,0.444,2.006,0.092,0.091,0.324,0.252,0.295,0.285,0.484,0.432,0.279,0.09,2.126,0.096,0.294,0.284,0.335,0.471,0.281,0.093,2.119,0.091,0.296,0.304,0.38,0.38,0.28,0.089,2.079,0.092
50:59:33,39.1,0.489,0.592,0.432,1.742,0.101,0.089,0.312,0.251,0.523,0.598,0.437,1.734,0.092,0.09,0.301,0.251,0.464,0.605,0.432,1.996,0.092,0.091,0.324,0.252,0.296,0.286,0.492,0.423,0.279,0.09,2.127,0.096,0.304,0.284,0.332,0.467,0.276,0.093,2.119,0.091,0.299,0.308,0.356,0.368,0.279,0.089,2.078,0.092
51:19:33,39.1,0.475,0.595,0.414,1.747,0.102,0.089,0.312,0.251,0.559,0.595,0.438,1.643,0.092,0.09,0.302,0.251,0.449,0.603,0.434,1.994,0.092,0.091,0.324,0.252,0.299,0.285,0.516,0.43,0.278,0.09,2.13,0.096,0.294,0.285,0.318,0.457,0.275,0.093,2.118,0.091,0.296,0.31,0.361,0.371,0.277,0.089,2.075,0.092
51:39:33,39,0.465,0.594,0.414,1.733,0.102,0.089,0.311,0.251,0.569,0.594,0.426,1.649,0.092,0.09,0.302,0.251,0.43,0.604,0.429,2,0.092,0.091,0.323,0.252,0.296,0.286,0.497,0.425,0.279,0.09,2.126,0.096,0.291,0.285,0.317,0.464,0.282,0.093,2.12,0.091,0.297,0.312,0.368,0.37,0.278,0.089,2.075,0.092
51:59:33,39,0.473,0.591,0.422,1.752,0.102,0.089,0.311,0.251,1.364,0.597,0.43,1.698,0.092,0.09,0.302,0.251,0.45,0.606,0.443,1.957,0.092,0.091,0.324,0.252,0.295,0.286,0.478,0.425,0.278,0.09,2.131,0.096,0.299,0.286,0.319,0.461,0.28,0.093,2.119,0.091,0.3,0.311,0.37,0.373,0.28,0.089,2.074,0.092
52:19:33,39.1,0.49,0.592,0.415,1.73,0.101,0.089,0.31,0.251,0.536,0.594,0.433,1.65,0.092,0.09,0.301,0.251,0.441,0.602,0.441,1.973,0.092,0.091,0.323,0.252,0.297,0.286,0.493,0.414,0.281,0.09,2.126,0.096,0.299,0.285,0.335,0.461,0.276,0.093,2.117,0.091,0.299,0.313,0.367,0.369,0.279,0.089,2.072,0.092
52:39:33,39.1,0.491,0.59,0.409,1.725,0.101,0.089,0.314,0.251,0.54,0.597,0.431,1.612,0.092,0.09,0.302,0.251,0.469,0.603,0.424,1.953,0.092,0.091,0.323,0.252,0.298,0.287,0.494,0.416,0.28,0.09,2.129,0.096,0.298,0.286,0.33,0.456,0.278,0.093,2.119,0.091,0.298,0.312,0.374,0.37,0.28,0.089,2.074,0.092
52:59:33,39.1,0.484,0.595,0.428,1.777,0.102,0.089,0.312,0.251,0.571,0.595,0.436,1.707,0.092,0.09,0.3,0.251,0.432,0.599,0.45,1.94,0.092,0.091,0.322,0.252,0.299,0.289,0.498,0.421,0.288,0.09,2.131,0.096,0.297,0.286,0.326,0.461,0.275,0.093,2.116,0.091,0.298,0.313,0.361,0.368,0.282,0.089,2.072,0.092
53:19:33,39.1,0.486,0.586,0.413,1.763,0.102,0.089,0.311,0.251,0.552,0.594,0.443,1.703,0.092,0.09,0.302,0.251,0.461,0.604,0.433,1.935,0.092,0.091,0.323,0.252,0.295,0.285,0.494,0.406,0.279,0.09,2.129,0.096,0.297,0.286,0.334,0.474,0.277,0.093,2.119,0.091,0.303,0.319,0.39,0.368,0.278,0.089,2.071,0.092
53:39:33,39.1,0.49,0.596,0.422,1.725,0.101,0.089,0.311,0.251,0.544,0.596,0.425,1.705,0.092,0.09,0.302,0.251,0.475,0.598,0.447,1.962,0.092,0.091,0.322,0.252,0.294,0.286,0.49,0.409,0.285,0.09,2.133,0.096,0.3,0.287,0.336,0.464,0.288,0.093,2.119,0.091,0.296,0.315,0.387,0.384,0.283,0.089,2.072,0.092
53:59:33,39,0.484,0.596,0.417,1.714,0.101,0.089,0.312,0.251,0.559,0.595,0.443,1.705,0.092,0.09,0.302,0.251,0.473,0.607,0.446,1.973,0.092,0.091,0.326,0.252,0.297,0.286,0.494,0.401,0.281,0.09,2.132,0.096,0.299,0.287,0.332,0.465,0.275,0.093,2.118,0.091,0.307,0.319,0.382,0.366,0.281,0.089,2.07,0.092
54:19:33,39.1,0.483,0.594,0.435,1.738,0.101,0.089,0.311,0.251,0.538,0.592,0.438,1.673,0.092,0.09,0.302,0.251,0.465,0.602,0.458,1.994,0.092,0.091,0.323,0.252,0.304,0.286,0.512,0.414,0.278,0.09,2.127,0.096,0.302,0.286,0.328,0.452,0.28,0.093,2.12,0.091,0.311,0.317,0.393,0.38,0.28,0.089,2.071,0.092
54:39:33,39,0.472,0.599,0.421,1.769,0.101,0.089,0.31,0.251,0.555,0.596,0.446,1.708,0.092,0.09,0.301,0.251,0.474,0.6,0.441,2.026,0.092,0.091,0.323,0.252,0.297,0.288,0.513,0.402,0.283,0.09,2.13,0.096,0.302,0.287,0.329,0.468,0.278,0.093,2.116,0.091,0.299,0.325,0.399,0.365,0.28,0.089,2.067,0.093
54:59:33,39.1,0.492,0.603,0.427,1.716,0.102,0.089,0.311,0.251,0.552,0.591,0.444,1.652,0.092,0.09,0.301,0.251,0.436,0.601,0.429,1.963,0.092,0.091,0.324,0.252,0.297,0.286,0.486,0.437,0.283,0.09,2.13,0.096,0.303,0.285,0.333,0.466,0.281,0.093,2.118,0.091,0.301,0.323,0.395,0.387,0.279,0.089,2.068,0.092
55:19:33,39.1,0.484,0.594,0.426,1.736,0.101,0.089,0.31,0.251,0.568,0.595,0.444,1.67,0.092,0.09,0.301,0.251,0.475,0.606,0.447,1.979,0.092,0.091,0.323,0.252,0.296,0.287,0.485,0.42,0.279,0.09,2.126,0.096,0.308,0.286,0.337,0.467,0.278,0.093,2.119,0.091,0.298,0.324,0.403,0.364,0.28,0.089,2.068,0.092
55:39:33,39.1,0.504,0.609,0.423,1.728,0.101,0.089,0.311,0.251,0.547,0.593,0.447,1.715,0.092,0.09,0.3,0.251,0.458,0.602,0.461,1.934,0.092,0.091,0.322,0.252,0.299,0.286,0.496,0.422,0.28,0.09,2.128,0.096,0.304,0.285,0.329,0.472,0.277,0.093,2.118,0.091,0.3,0.328,0.41,0.374,0.283,0.089,2.067,0.092
55:59:33,39.1,0.484,0.598,0.424,1.759,0.102,0.089,0.311,0.251,0.572,0.59,0.444,1.679,0.092,0.09,0.302,0.251,0.472,0.603,0.446,1.943,0.092,0.091,0.325,0.252,0.296,0.288,0.501,0.414,0.282,0.09,2.129,0.096,0.304,0.285,0.342,0.462,0.282,0.093,2.119,0.091,0.301,0.328,0.412,0.366,0.287,0.089,2.068,0.093
56:19:33,39.1,0.47,0.595,0.428,1.738,0.102,0.089,0.312,0.251,0.581,0.594,0.439,1.659,0.092,0.09,0.301,0.251,0.452,0.605,0.458,1.914,0.092,0.091,0.323,0.252,0.298,0.287,0.481,0.429,0.279,0.09,2.129,0.096,0.308,0.286,0.328,0.46,0.278,0.093,2.116,0.091,0.301,0.333,0.417,0.366,0.286,0.089,2.065,0.092
56:39:33,39.1,0.483,0.604,0.42,1.712,0.102,0.089,0.309,0.251,0.595,0.591,0.447,1.649,0.092,0.09,0.3,0.251,0.47,0.598,0.455,1.959,0.092,0.091,0.322,0.252,0.297,0.287,0.491,0.434,0.279,0.09,2.128,0.096,0.309,0.287,0.339,0.463,0.281,0.093,2.119,0.091,0.302,0.337,0.427,0.366,0.283,0.089,2.064,0.092
56:59:33,39,0.485,0.595,0.428,1.754,0.101,0.089,0.311,0.251,0.623,0.593,0.455,1.723,0.092,0.09,0.301,0.251,0.478,0.599,0.455,2.029,0.092,0.091,0.323,0.252,0.298,0.286,0.493,0.426,0.278,0.09,2.131,0.096,0.311,0.287,0.337,0.473,0.279,0.093,2.116,0.091,0.302,0.335,0.433,0.373,0.281,0.089,2.063,0.093
57:19:33,39.1,0.47,0.596,0.433,1.741,0.101,0.089,0.31,0.251,0.561,0.591,0.456,1.645,0.092,0.09,0.301,0.251,0.496,0.601,0.461,1.956,0.092,0.091,0.323,0.252,0.296,0.288,0.49,0.436,0.281,0.09,2.129,0.096,0.309,0.286,0.339,0.482,0.28,0.093,2.118,0.091,0.302,0.342,0.456,0.377,0.284,0.089,2.064,0.092
57:39:33,39.1,0.474,0.597,0.441,1.692,0.102,0.089,0.31,0.251,0.603,0.591,0.449,1.634,0.092,0.09,0.299,0.251,0.469,0.601,0.462,1.974,0.092,0.091,0.323,0.252,0.296,0.287,0.497,0.432,0.28,0.09,2.128,0.096,0.314,0.285,0.33,0.475,0.278,0.093,2.118,0.091,0.305,0.34,0.45,0.377,0.289,0.089,2.061,0.092
57:59:33,39,0.487,0.603,0.442,1.722,0.101,0.089,0.312,0.251,0.587,0.59,0.449,1.579,0.092,0.09,0.302,0.251,0.494,0.602,0.455,1.947,0.092,0.091,0.321,0.252,0.296,0.286,0.481,0.425,0.279,0.09,2.128,0.096,0.314,0.286,0.326,0.466,0.278,0.093,2.118,0.091,0.308,0.342,0.471,0.364,0.285,0.089,2.061,0.092
58:19:33,39,0.487,0.604,0.427,1.719,0.102,0.089,0.309,0.251,0.592,0.59,0.454,1.645,0.092,0.09,0.302,0.252,0.466,0.604,0.47,1.966,0.092,0.091,0.322,0.252,0.3,0.29,0.503,0.428,0.278,0.09,2.128,0.096,0.315,0.288,0.335,0.469,0.285,0.093,2.119,0.091,0.31,0.344,0.468,0.376,0.286,0.089,2.061,0.092
58:39:33,39.1,0.482,0.608,0.431,1.757,0.101,0.089,0.311,0.251,0.584,0.588,0.454,1.601,0.092,0.09,0.301,0.251,0.473,0.6,0.456,1.996,0.092,0.091,0.323,0.252,0.297,0.289,0.501,0.42,0.28,0.09,2.128,0.096,0.32,0.287,0.323,0.472,0.283,0.093,2.114,0.091,0.308,0.35,0.463,0.365,0.282,0.089,2.059,0.092
58:59:33,38.9,0.472,0.605,0.435,1.731,0.102,0.089,0.311,0.251,0.575,0.591,0.472,1.639,0.092,0.09,0.301,0.251,0.479,0.601,0.463,1.948,0.092,0.091,0.323,0.252,0.296,0.286,0.508,0.415,0.278,0.09,2.127,0.096,0.317,0.287,0.335,0.478,0.28,0.093,2.115,0.091,0.31,0.352,0.51,0.37,0.289,0.089,2.059,0.092
59:19:33,39,0.465,0.604,0.451,1.739,0.101,0.089,0.31,0.251,0.589,0.588,0.466,1.651,0.092,0.09,0.301,0.251,0.468,0.601,0.463,1.952,0.092,0.091,0.323,0.252,0.303,0.289,0.5,0.415,0.28,0.09,2.126,0.096,0.32,0.289,0.341,0.484,0.282,0.093,2.117,0.091,0.309,0.355,0.497,0.37,0.288,0.089,2.058,0.092
59:39:33,39,0.483,0.602,0.443,1.712,0.101,0.089,0.309,0.251,0.605,0.59,0.473,1.654,0.092,0.09,0.302,0.251,0.479,0.598,0.473,1.92,0.092,0.091,0.323,0.252,0.297,0.289,0.506,0.414,0.281,0.09,2.13,0.096,0.328,0.287,0.334,0.469,0.279,0.093,2.118,0.091,0.309,0.361,0.512,0.368,0.289,0.089,2.057,0.093
59:59:33,39.1,0.488,0.6,0.458,1.71,0.102,0.089,0.31,0.251,0.591,0.587,0.471,1.59,0.092,0.09,0.3,0.251,0.488,0.599,0.478,1.973,0.092,0.091,0.322,0.252,0.297,0.288,0.485,0.41,0.281,0.09,2.128,0.096,0.326,0.288,0.35,0.476,0.28,0.093,2.118,0.091,0.313,0.362,0.518,0.365,0.287,0.089,2.056,0.092
60:19:33,39,0.482,0.608,0.454,1.714,0.101,0.089,0.311,0.251,0.604,0.591,0.473,1.662,0.092,0.09,0.301,0.251,0.476,0.605,0.49,1.96,0.092,0.091,0.322,0.252,0.301,0.287,0.51,0.412,0.28,0.09,2.13,0.096,0.324,0.288,0.342,0.487,0.279,0.093,2.115,0.091,0.316,0.366,0.534,0.376,0.288,0.089,2.056,0.092
60:39:33,39.1,0.496,0.611,0.469,1.759,0.102,0.089,0.311,0.251,0.605,0.589,0.466,1.653,0.092,0.09,0.301,0.251,0.471,0.604,0.477,1.92,0.092,0.091,0.322,0.252,0.298,0.289,0.514,0.42,0.28,0.09,2.13,0.096,0.33,0.287,0.331,0.477,0.281,0.093,2.115,0.091,0.315,0.374,0.561,0.372,0.289,0.089,2.055,0.092
60:59:33,39.1,0.481,0.608,0.451,1.756,0.102,0.089,0.31,0.251,0.599,0.587,0.466,1.632,0.092,0.09,0.299,0.251,0.466,0.601,0.482,1.923,0.092,0.091,0.323,0.251,0.3,0.289,0.515,0.419,0.283,0.09,2.127,0.096,0.333,0.29,0.334,0.479,0.281,0.093,2.116,0.091,0.317,0.375,0.559,0.373,0.289,0.089,2.055,0.093
61:19:33,39.1,0.48,0.605,0.44,1.749,0.101,0.089,0.31,0.251,0.603,0.587,0.477,1.628,0.092,0.09,0.301,0.251,0.496,0.602,0.503,1.896,0.092,0.091,0.321,0.252,0.302,0.289,0.511,0.404,0.28,0.09,2.128,0.096,0.336,0.29,0.352,0.486,0.281,0.093,2.115,0.091,0.317,0.378,0.579,0.373,0.29,0.089,2.053,0.092
61:39:33,39,0.488,0.606,0.472,1.74,0.101,0.089,0.31,0.251,0.608,0.585,0.47,1.623,0.092,0.09,0.302,0.251,0.487,0.603,0.477,1.911,0.092,0.091,0.322,0.252,0.306,0.29,0.503,0.406,0.28,0.09,2.125,0.096,0.35,0.289,0.327,0.475,0.286,0.093,2.113,0.091,0.315,0.382,0.586,0.369,0.289,0.089,2.053,0.092
61:59:33,39,0.496,0.621,0.474,1.698,0.102,0.089,0.31,0.25,0.606,0.587,0.477,1.611,0.092,0.09,0.3,0.251,0.495,0.606,0.495,1.946,0.092,0.091,0.321,0.251,0.301,0.29,0.49,0.406,0.281,0.09,2.127,0.096,0.338,0.291,0.347,0.495,0.283,0.093,2.115,0.091,0.32,0.392,0.648,0.383,0.295,0.089,2.052,0.092
62:19:33,39.1,0.478,0.606,0.469,1.738,0.101,0.089,0.317,0.251,0.615,0.587,0.468,1.572,0.092,0.09,0.3,0.251,0.465,0.603,0.498,1.906,0.092,0.091,0.321,0.252,0.3,0.288,0.516,0.407,0.281,0.09,2.132,0.096,0.343,0.288,0.342,0.485,0.284,0.093,2.116,0.091,0.323,0.4,0.624,0.367,0.291,0.089,2.05,0.092
62:39:33,39,0.499,0.62,0.469,1.792,0.101,0.089,0.318,0.251,0.607,0.586,0.492,1.579,0.092,0.09,0.299,0.251,0.465,0.598,0.506,1.917,0.092,0.091,0.323,0.251,0.304,0.289,0.518,0.405,0.28,0.09,2.127,0.096,0.347,0.289,0.352,0.491,0.289,0.093,2.113,0.091,0.321,0.403,0.656,0.371,0.302,0.089,2.051,0.092
62:59:33,39.1,0.497,0.627,0.472,1.757,0.101,0.089,0.318,0.251,0.605,0.588,0.482,1.667,0.092,0.09,0.3,0.251,0.486,0.602,0.512,1.911,0.092,0.091,0.321,0.252,0.305,0.288,0.531,0.395,0.281,0.09,2.127,0.096,0.35,0.291,0.343,0.49,0.286,0.093,2.112,0.091,0.325,0.407,0.673,0.381,0.293,0.089,2.049,0.092
63:19:33,39.1,0.488,0.615,0.487,1.786,0.101,0.089,0.317,0.25,0.599,0.588,0.491,1.624,0.092,0.09,0.3,0.251,0.468,0.602,0.529,1.91,0.092,0.091,0.321,0.251,0.3,0.291,0.516,0.396,0.282,0.09,2.129,0.096,0.356,0.289,0.353,0.49,0.285,0.093,2.113,0.091,0.326,0.417,0.677,0.378,0.299,0.089,2.047,0.092
63:39:33,39.1,0.472,0.617,0.494,1.729,0.101,0.089,0.317,0.25,0.611,0.589,0.489,1.659,0.092,0.09,0.3,0.251,0.479,0.606,0.537,1.889,0.092,0.091,0.322,0.252,0.298,0.29,0.532,0.403,0.28,0.09,2.124,0.096,0.359,0.289,0.334,0.495,0.286,0.093,2.114,0.091,0.324,0.422,0.712,0.378,0.297,0.089,2.047,0.092
63:59:33,39.1,0.484,0.625,0.503,1.726,0.101,0.089,0.319,0.25,0.598,0.587,0.511,1.592,0.092,0.09,0.301,0.251,0.466,0.601,0.536,1.931,0.092,0.091,0.321,0.251,0.3,0.288,0.517,0.393,0.278,0.09,2.124,0.096,0.359,0.29,0.349,0.488,0.287,0.093,2.114,0.091,0.333,0.432,0.734,0.377,0.3,0.089,2.048,0.092
64:19:33,39,0.482,0.617,0.498,1.741,0.101,0.089,0.318,0.25,0.615,0.587,0.498,1.583,0.092,0.09,0.299,0.251,0.468,0.603,0.532,1.922,0.092,0.091,0.32,0.251,0.301,0.289,0.516,0.404,0.28,0.09,2.125,0.096,0.366,0.289,0.355,0.489,0.285,0.093,2.113,0.091,0.334,0.44,0.784,0.389,0.296,0.089,2.045,0.092
64:39:33,39.1,0.494,0.625,0.497,1.72,0.101,0.089,0.317,0.25,0.636,0.588,0.51,1.632,0.092,0.09,0.299,0.251,0.472,0.603,0.546,1.915,0.092,0.091,0.328,0.251,0.302,0.29,0.558,0.405,0.281,0.09,2.126,0.096,0.371,0.29,0.342,0.492,0.286,0.093,2.112,0.091,0.334,0.447,0.802,0.383,0.301,0.089,2.044,0.093
64:59:33,39,0.487,0.629,0.502,1.722,0.102,0.089,0.317,0.25,0.629,0.587,0.516,1.642,0.092,0.09,0.299,0.251,0.481,0.604,0.559,1.932,0.092,0.091,0.322,0.251,0.304,0.291,0.528,0.388,0.282,0.09,2.125,0.096,0.378,0.291,0.348,0.489,0.291,0.093,2.112,0.091,0.334,0.46,0.841,0.387,0.303,0.089,2.041,0.092
65:19:33,39.1,0.485,0.634,0.514,1.736,0.101,0.089,0.319,0.25,0.626,0.586,0.506,1.609,0.092,0.09,0.3,0.251,0.487,0.608,0.565,1.937,0.092,0.091,0.321,0.251,0.299,0.289,0.555,0.406,0.283,0.09,2.127,0.096,0.381,0.29,0.347,0.5,0.286,0.093,2.111,0.091,0.339,0.471,0.896,0.378,0.305,0.089,2.043,0.092
65:39:33,39,0.484,0.644,0.535,1.756,0.101,0.089,0.32,0.25,0.621,0.584,0.527,1.585,0.092,0.09,0.299,0.251,0.491,0.605,0.572,1.945,0.092,0.091,0.319,0.252,0.301,0.288,0.545,0.39,0.28,0.09,2.131,0.096,0.392,0.292,0.362,0.508,0.29,0.093,2.112,0.091,0.341,0.482,0.909,0.398,0.305,0.089,2.04,0.092
65:59:33,39.1,0.477,0.644,0.512,1.769,0.101,0.089,0.318,0.25,0.617,0.589,0.511,1.597,0.092,0.09,0.298,0.251,0.466,0.601,0.595,1.936,0.092,0.091,0.32,0.251,0.299,0.291,0.548,0.397,0.281,0.09,2.126,0.096,0.398,0.292,0.363,0.493,0.286,0.093,2.111,0.091,0.346,0.492,0.929,0.384,0.309,0.089,2.039,0.092
66:19:33,39.1,0.481,0.629,0.539,1.785,0.101,0.089,0.318,0.25,0.62,0.586,0.518,1.628,0.092,0.09,0.298,0.251,0.482,0.604,0.603,1.954,0.092,0.091,0.321,0.251,0.301,0.289,0.553,0.399,0.28,0.09,2.127,0.096,0.401,0.291,0.358,0.504,0.292,0.093,2.114,0.091,0.347,0.501,0.974,0.391,0.309,0.089,2.037,0.092
66:39:33,39.1,0.492,0.64,0.529,1.727,0.101,0.089,0.319,0.25,0.613,0.585,0.527,1.582,0.092,0.09,0.298,0.251,0.473,0.616,0.617,1.923,0.092,0.091,0.319,0.251,0.302,0.291,0.55,0.396,0.282,0.09,2.126,0.096,0.415,0.293,0.378,0.5,0.291,0.093,2.11,0.091,0.349,0.511,0.998,0.394,0.311,0.089,2.035,0.092
66:59:33,39,0.493,0.66,0.532,1.7,0.101,0.089,0.318,0.25,0.609,0.586,0.53,1.61,0.092,0.09,0.299,0.251,0.465,0.606,0.618,1.928,0.092,0.091,0.321,0.251,0.303,0.292,0.544,0.389,0.281,0.09,2.124,0.096,0.408,0.293,0.367,0.527,0.299,0.093,2.11,0.091,0.352,0.521,1.053,0.393,0.313,0.089,2.035,0.092
67:19:33,39.1,0.481,0.642,0.561,1.684,0.101,0.089,0.319,0.25,0.626,0.586,0.556,1.603,0.092,0.09,0.298,0.251,0.485,0.607,0.628,1.959,0.092,0.091,0.321,0.251,0.305,0.292,0.563,0.39,0.285,0.09,2.125,0.096,0.417,0.293,0.371,0.51,0.3,0.093,2.11,0.091,0.36,0.543,1.084,0.393,0.319,0.089,2.036,0.092
67:39:33,39,0.506,0.64,0.573,1.736,0.101,0.089,0.318,0.25,0.615,0.586,0.541,1.636,0.092,0.09,0.298,0.251,0.494,0.606,0.665,1.909,0.092,0.091,0.322,0.251,0.301,0.29,0.577,0.388,0.285,0.09,2.126,0.096,0.429,0.296,0.359,0.503,0.3,0.093,2.108,0.091,0.364,0.552,1.132,0.401,0.316,0.089,2.034,0.092
67:59:33,39,0.491,0.654,0.578,1.674,0.101,0.089,0.318,0.25,0.61,0.592,0.553,1.583,0.092,0.09,0.298,0.251,0.476,0.608,0.67,1.962,0.092,0.091,0.323,0.251,0.305,0.293,0.568,0.388,0.282,0.09,2.125,0.096,0.441,0.295,0.386,0.531,0.294,0.093,2.11,0.091,0.366,0.569,1.188,0.414,0.323,0.089,2.032,0.092
68:19:33,39,0.479,0.656,0.596,1.719,0.101,0.089,0.318,0.25,0.661,0.591,0.565,1.584,0.092,0.09,0.299,0.251,0.476,0.61,0.663,1.915,0.092,0.091,0.321,0.251,0.303,0.292,0.583,0.392,0.28,0.09,2.125,0.096,0.444,0.292,0.403,0.532,0.298,0.093,2.108,0.091,0.368,0.579,1.219,0.436,0.323,0.089,2.031,0.092
68:39:33,39,0.484,0.669,0.596,1.702,0.101,0.089,0.319,0.25,0.631,0.588,0.559,1.62,0.092,0.09,0.298,0.251,0.483,0.611,0.686,1.871,0.092,0.091,0.321,0.251,0.311,0.292,0.574,0.384,0.281,0.09,2.123,0.096,0.461,0.293,0.384,0.538,0.299,0.093,2.11,0.091,0.371,0.596,1.27,0.412,0.327,0.089,2.028,0.092
68:59:33,39,0.489,0.67,0.629,1.772,0.101,0.089,0.319,0.25,0.64,0.589,0.57,1.614,0.092,0.09,0.298,0.251,0.468,0.61,0.697,1.943,0.092,0.091,0.32,0.251,0.304,0.293,0.593,0.394,0.281,0.09,2.123,0.096,0.468,0.293,0.388,0.543,0.296,0.093,2.109,0.091,0.377,0.617,1.329,0.421,0.329,0.089,2.027,0.092
69:19:33,39,0.466,0.658,0.626,1.788,0.101,0.089,0.317,0.25,0.639,0.591,0.591,1.596,0.092,0.09,0.298,0.251,0.474,0.609,0.718,1.906,0.092,0.091,0.336,0.251,0.304,0.292,0.622,0.393,0.281,0.09,2.124,0.096,0.474,0.295,0.391,0.514,0.298,0.093,2.109,0.091,0.386,0.638,1.372,0.428,0.333,0.089,2.028,0.092
69:39:33,39,0.498,0.67,0.647,1.728,0.101,0.089,0.318,0.25,0.664,0.585,0.594,1.625,0.092,0.09,0.298,0.251,0.495,0.61,0.756,1.942,0.092,0.091,0.321,0.251,0.304,0.293,0.61,0.385,0.284,0.09,2.123,0.096,0.488,0.296,0.394,0.534,0.302,0.093,2.107,0.091,0.392,0.652,1.431,0.422,0.346,0.089,2.025,0.092
69:59:33,39.1,0.482,0.684,0.644,1.732,0.101,0.089,0.317,0.25,0.63,0.588,0.599,1.565,0.092,0.09,0.298,0.251,0.481,0.613,0.775,1.966,0.092,0.091,0.321,0.251,0.31,0.295,0.618,0.381,0.282,0.09,2.125,0.096,0.498,0.297,0.408,0.527,0.301,0.093,2.109,0.091,0.395,0.681,1.452,0.436,0.341,0.089,2.027,0.092
70:19:33,39.1,0.478,0.688,0.686,1.716,0.101,0.089,0.318,0.25,0.647,0.592,0.6,1.575,0.092,0.09,0.298,0.251,0.486,0.611,0.774,1.897,0.092,0.091,0.322,0.251,0.309,0.293,0.634,0.4,0.282,0.09,2.125,0.096,0.51,0.297,0.403,0.557,0.307,0.093,2.109,0.091,0.401,0.697,1.497,0.433,0.342,0.089,2.022,0.092
70:39:33,39.1,0.478,0.69,0.706,1.71,0.101,0.089,0.318,0.25,0.624,0.594,0.63,1.677,0.092,0.09,0.298,0.251,0.471,0.615,0.803,1.947,0.092,0.091,0.322,0.251,0.311,0.292,0.638,0.401,0.282,0.09,2.126,0.096,0.523,0.293,0.399,0.561,0.307,0.093,2.107,0.091,0.411,0.728,1.563,0.442,0.347,0.089,2.023,0.092
70:59:33,39,0.489,0.69,0.712,1.703,0.101,0.089,0.32,0.25,0.641,0.593,0.617,1.562,0.092,0.09,0.298,0.251,0.482,0.62,0.811,1.901,0.092,0.091,0.321,0.251,0.307,0.296,0.632,0.416,0.284,0.09,2.123,0.096,0.536,0.297,0.418,0.548,0.304,0.093,2.108,0.091,0.417,0.746,1.612,0.437,0.354,0.089,2.022,0.092
71:19:33,39.1,0.498,0.708,0.751,1.668,0.101,0.089,0.317,0.25,0.618,0.598,0.641,1.583,0.092,0.09,0.298,0.251,0.465,0.619,0.837,1.947,0.092,0.091,0.321,0.251,0.308,0.295,0.661,0.414,0.281,0.09,2.122,0.096,0.554,0.297,0.434,0.561,0.307,0.093,2.108,0.091,0.42,0.763,1.649,0.462,0.358,0.089,2.019,0.092
71:39:33,38.9,0.467,0.71,0.769,1.686,0.102,0.089,0.317,0.25,0.627,0.594,0.677,1.569,0.092,0.09,0.299,0.251,0.472,0.62,0.863,1.96,0.092,0.091,0.321,0.251,0.31,0.297,0.653,0.427,0.284,0.09,2.123,0.096,0.571,0.297,0.428,0.55,0.308,0.093,2.107,0.091,0.43,0.793,1.681,0.483,0.366,0.089,2.017,0.092
71:59:33,39.1,0.487,0.725,0.763,1.713,0.102,0.089,0.317,0.249,0.64,0.593,0.654,1.647,0.092,0.09,0.299,0.251,0.488,0.623,0.87,1.933,0.092,0.091,0.319,0.251,0.308,0.295,0.654,0.421,0.283,0.09,2.121,0.096,0.585,0.3,0.43,0.569,0.315,0.093,2.108,0.091,0.446,0.82,1.723,0.505,0.37,0.089,2.015,0.092
72:19:33,39,0.488,0.725,0.79,1.759,0.102,0.089,0.317,0.249,0.653,0.599,0.684,1.697,0.092,0.09,0.299,0.251,0.485,0.621,0.893,1.936,0.092,0.091,0.322,0.251,0.312,0.294,0.671,0.427,0.285,0.09,2.123,0.096,0.598,0.298,0.443,0.566,0.316,0.093,2.105,0.091,0.447,0.849,1.726,0.5,0.371,0.089,2.015,0.092
72:39:33,39.1,0.486,0.745,0.829,1.722,0.102,0.089,0.315,0.249,0.633,0.597,0.685,1.639,0.092,0.09,0.299,0.251,0.463,0.623,0.931,1.92,0.092,0.091,0.322,0.251,0.31,0.297,0.701,0.429,0.287,0.09,2.122,0.096,0.614,0.298,0.449,0.57,0.316,0.093,2.107,0.091,0.451,0.873,1.73,0.511,0.38,0.089,2.012,0.092
72:59:33,39,0.479,0.757,0.852,1.734,0.101,0.089,0.318,0.249,0.631,0.6,0.691,1.678,0.092,0.09,0.297,0.251,0.498,0.62,0.931,1.884,0.092,0.091,0.319,0.251,0.316,0.296,0.69,0.446,0.283,0.09,2.123,0.096,0.633,0.3,0.447,0.607,0.32,0.093,2.107,0.091,0.465,0.909,1.734,0.521,0.386,0.089,2.013,0.092
73:19:33,39.1,0.486,0.765,0.86,1.714,0.101,0.089,0.316,0.249,0.629,0.604,0.727,1.66,0.092,0.09,0.298,0.251,0.47,0.634,0.955,1.907,0.092,0.091,0.32,0.251,0.316,0.297,0.723,0.425,0.282,0.09,2.125,0.096,0.661,0.3,0.455,0.588,0.32,0.093,2.107,0.091,0.471,0.931,1.714,0.537,0.402,0.089,2.01,0.092
73:39:33,39.1,0.481,0.785,0.887,1.719,0.102,0.089,0.318,0.249,0.627,0.603,0.719,1.658,0.092,0.09,0.298,0.251,0.484,0.628,1.007,1.909,0.092,0.091,0.32,0.251,0.31,0.296,0.737,0.442,0.284,0.09,2.127,0.096,0.679,0.3,0.469,0.589,0.325,0.093,2.107,0.091,0.482,0.963,1.73,0.563,0.402,0.089,2.01,0.092
73:59:33,39,0.493,0.782,0.928,1.72,0.101,0.089,0.317,0.249,0.634,0.602,0.768,1.656,0.092,0.09,0.297,0.251,0.478,0.63,1.014,1.894,0.092,0.091,0.32,0.25,0.315,0.297,0.759,0.452,0.286,0.09,2.125,0.096,0.703,0.303,0.472,0.626,0.326,0.093,2.107,0.091,0.49,0.992,1.735,0.558,0.41,0.089,2.008,0.092
74:19:33,39,0.5,0.795,0.941,1.732,0.102,0.089,0.317,0.249,0.628,0.604,0.765,1.654,0.092,0.09,0.297,0.251,0.478,0.634,1.089,1.962,0.092,0.091,0.32,0.251,0.316,0.298,0.757,0.441,0.285,0.09,2.123,0.096,0.716,0.301,0.48,0.583,0.33,0.093,2.106,0.091,0.505,1.027,1.72,0.586,0.416,0.089,2.008,0.092
74:39:33,39.1,0.479,0.794,0.959,1.674,0.102,0.089,0.317,0.249,0.642,0.608,0.771,1.642,0.092,0.09,0.297,0.251,0.47,0.635,1.049,1.909,0.092,0.091,0.322,0.25,0.317,0.298,0.783,0.47,0.284,0.09,2.123,0.096,0.739,0.3,0.49,0.599,0.331,0.093,2.107,0.091,0.513,1.059,1.719,0.602,0.423,0.089,2.006,0.092
74:59:33,39,0.484,0.814,1.03,1.752,0.102,0.089,0.316,0.249,0.665,0.612,0.786,1.715,0.092,0.09,0.296,0.251,0.466,0.64,1.108,1.93,0.092,0.091,0.319,0.251,0.316,0.298,0.78,0.449,0.288,0.09,2.122,0.096,0.757,0.302,0.512,0.61,0.339,0.093,2.106,0.091,0.518,1.096,1.709,0.597,0.433,0.089,2.007,0.092
75:19:33,39.1,0.489,0.828,1.013,1.761,0.101,0.089,0.316,0.249,0.655,0.614,0.83,1.724,0.092,0.09,0.298,0.251,0.494,0.643,1.123,1.906,0.092,0.091,0.32,0.251,0.316,0.299,0.809,0.447,0.286,0.09,2.124,0.096,0.776,0.304,0.513,0.641,0.335,0.093,2.106,0.091,0.533,1.129,1.706,0.634,0.437,0.089,2.004,0.092
75:39:33,39,0.491,0.835,1.027,1.671,0.102,0.089,0.317,0.249,0.637,0.616,0.826,1.747,0.092,0.09,0.297,0.251,0.49,0.651,1.168,1.869,0.092,0.091,0.321,0.25,0.319,0.301,0.831,0.451,0.285,0.09,2.127,0.096,0.807,0.304,0.521,0.614,0.345,0.093,2.106,0.091,0.552,1.163,1.708,0.642,0.45,0.089,2.002,0.092
75:59:33,39,0.483,0.873,1.086,1.694,0.102,0.089,0.317,0.249,0.646,0.616,0.812,1.701,0.092,0.09,0.298,0.251,0.477,0.648,1.203,1.922,0.092,0.091,0.322,0.251,0.326,0.299,0.831,0.469,0.291,0.09,2.124,0.096,0.843,0.303,0.531,0.612,0.353,0.093,2.105,0.091,0.565,1.199,1.715,0.643,0.463,0.089,2.003,0.092
76:19:33,39.1,0.491,0.871,1.125,1.72,0.102,0.089,0.315,0.249,0.626,0.619,0.846,1.66,0.092,0.09,0.297,0.251,0.468,0.65,1.25,1.884,0.092,0.091,0.321,0.25,0.317,0.302,0.858,0.465,0.287,0.09,2.122,0.096,0.865,0.307,0.546,0.651,0.348,0.093,2.106,0.091,0.579,1.239,1.712,0.665,0.47,0.089,2,0.092
76:39:33,39,0.484,0.893,1.157,1.748,0.101,0.089,0.317,0.249,0.693,0.626,0.843,1.675,0.092,0.09,0.297,0.251,0.466,0.663,1.276,1.901,0.092,0.091,0.319,0.25,0.32,0.302,0.863,0.477,0.286,0.09,2.125,0.096,0.896,0.304,0.558,0.637,0.35,0.093,2.105,0.091,0.599,1.276,1.703,0.674,0.489,0.089,1.999,0.092
76:59:33,39,0.496,0.924,1.166,1.739,0.101,0.089,0.317,0.249,0.642,0.623,0.878,1.719,0.092,0.09,0.297,0.251,0.483,0.655,1.281,1.889,0.092,0.091,0.32,0.25,0.322,0.301,0.907,0.495,0.288,0.09,2.124,0.096,0.929,0.308,0.571,0.635,0.359,0.093,2.104,0.091,0.613,1.313,1.691,0.705,0.497,0.089,1.998,0.092
77:19:33,39.1,0.499,0.944,1.244,1.738,0.102,0.089,0.316,0.249,0.638,0.629,0.887,1.714,0.092,0.09,0.297,0.251,0.474,0.662,1.348,1.9,0.092,0.091,0.32,0.25,0.322,0.301,0.92,0.471,0.288,0.09,2.121,0.096,0.952,0.309,0.601,0.666,0.363,0.093,2.103,0.091,0.624,1.347,1.69,0.748,0.509,0.089,1.996,0.092
77:39:33,39.1,0.481,0.96,1.283,1.724,0.102,0.089,0.317,0.249,0.624,0.631,0.942,1.736,0.092,0.09,0.297,0.251,0.483,0.661,1.371,1.92,0.092,0.091,0.32,0.25,0.322,0.301,0.939,0.482,0.286,0.09,2.126,0.096,0.976,0.31,0.611,0.64,0.371,0.093,2.103,0.091,0.643,1.385,1.71,0.75,0.523,0.089,1.995,0.092
77:59:33,39,0.496,0.985,1.245,1.783,0.102,0.089,0.316,0.249,0.654,0.634,0.987,1.708,0.092,0.09,0.298,0.251,0.485,0.663,1.411,1.873,0.092,0.091,0.321,0.25,0.328,0.303,0.957,0.497,0.286,0.09,2.124,0.096,1.025,0.309,0.621,0.654,0.375,0.093,2.102,0.091,0.666,1.425,1.704,0.755,0.538,0.089,1.995,0.092
78:19:33,39.1,0.484,0.977,1.311,1.792,0.102,0.089,0.317,0.249,0.655,0.638,0.994,1.759,0.092,0.09,0.296,0.251,0.471,0.667,1.429,1.888,0.092,0.091,0.319,0.25,0.334,0.302,1.002,0.531,0.285,0.09,2.125,0.096,1.044,0.311,0.617,0.661,0.377,0.093,2.103,0.091,0.676,1.458,1.702,0.768,0.549,0.089,1.992,0.092
78:39:33,39.1,0.489,0.996,1.35,1.704,0.102,0.089,0.316,0.249,0.642,0.641,1.007,1.737,0.092,0.09,0.297,0.251,0.482,0.679,1.466,1.894,0.092,0.091,0.32,0.25,0.327,0.307,1.012,0.515,0.291,0.09,2.124,0.096,1.082,0.312,0.649,0.711,0.387,0.093,2.103,0.091,0.701,1.499,1.695,0.768,0.567,0.089,1.992,0.093
78:59:33,39,0.499,1.031,1.376,1.636,0.102,0.089,0.316,0.248,0.643,0.647,1.018,1.722,0.092,0.09,0.297,0.25,0.483,0.681,1.458,1.874,0.092,0.091,0.32,0.25,0.337,0.308,1.038,0.59,0.29,0.09,2.12,0.096,1.125,0.313,0.668,0.695,0.391,0.093,2.104,0.091,0.718,1.538,1.704,0.819,0.59,0.089,1.99,0.092
79:19:33,39,0.498,1.039,1.395,1.711,0.102,0.089,0.318,0.249,0.636,0.65,1.052,1.699,0.092,0.09,0.296,0.251,0.485,0.687,1.52,1.878,0.092,0.091,0.319,0.25,0.329,0.308,1.058,0.515,0.289,0.09,2.123,0.096,1.163,0.316,0.705,0.69,0.405,0.093,2.103,0.091,0.741,1.573,1.704,0.824,0.605,0.089,1.99,0.092
79:39:33,39,0.495,1.063,1.419,1.712,0.102,0.089,0.316,0.248,0.645,0.657,1.066,1.747,0.092,0.09,0.296,0.25,0.478,0.691,1.531,1.889,0.092,0.091,0.319,0.25,0.332,0.308,1.13,0.532,0.289,0.09,2.124,0.096,1.2,0.315,0.699,0.706,0.414,0.093,2.102,0.091,0.768,1.611,1.715,0.838,0.621,0.089,1.987,0.092
79:59:33,38.9,0.503,1.115,1.47,1.685,0.102,0.089,0.316,0.249,0.713,0.663,1.095,1.714,0.092,0.09,0.297,0.251,0.504,0.695,1.525,1.879,0.092,0.091,0.321,0.25,0.334,0.308,1.13,0.568,0.287,0.09,2.127,0.096,1.233,0.315,0.725,0.73,0.412,0.093,2.104,0.091,0.795,1.643,1.682,0.885,0.641,0.089,1.986,0.092
80:19:33,39,0.497,1.131,1.512,1.71,0.102,0.089,0.317,0.248,0.638,0.665,1.114,1.695,0.092,0.09,0.296,0.251,0.484,0.703,1.584,1.88,0.092,0.091,0.32,0.25,0.338,0.31,1.141,0.587,0.288,0.09,2.123,0.096,1.278,0.317,0.76,0.751,0.425,0.093,2.101,0.091,0.817,1.679,1.683,0.93,0.667,0.089,1.984,0.092
80:39:33,39,0.49,1.156,1.531,1.707,0.102,0.089,0.316,0.248,0.712,0.682,1.111,1.706,0.092,0.09,0.296,0.251,0.462,0.704,1.588,1.902,0.092,0.091,0.319,0.25,0.341,0.309,1.171,0.543,0.298,0.09,2.125,0.096,1.323,0.316,0.767,0.701,0.427,0.093,2.105,0.091,0.846,1.711,1.689,0.933,0.685,0.089,1.985,0.092
80:59:33,39,0.494,1.176,1.544,1.751,0.102,0.089,0.316,0.248,0.678,0.684,1.152,1.653,0.092,0.09,0.296,0.25,0.474,0.714,1.582,1.865,0.092,0.091,0.319,0.25,0.339,0.313,1.213,0.611,0.293,0.09,2.122,0.096,1.359,0.321,0.81,0.723,0.44,0.093,2.104,0.091,0.86,1.734,1.685,0.979,0.707,0.089,1.983,0.092
81:19:33,39,0.499,1.209,1.554,1.704,0.102,0.089,0.316,0.248,0.653,0.695,1.157,1.702,0.092,0.09,0.297,0.251,0.468,0.724,1.579,1.935,0.092,0.091,0.319,0.25,0.34,0.314,1.241,0.575,0.293,0.09,2.122,0.096,1.409,0.325,0.83,0.728,0.442,0.093,2.104,0.091,0.887,1.751,1.688,0.948,0.733,0.089,1.98,0.093
81:39:33,39,0.498,1.238,1.577,1.703,0.102,0.089,0.316,0.248,0.658,0.704,1.19,1.738,0.092,0.09,0.297,0.251,0.466,0.732,1.595,1.853,0.092,0.091,0.317,0.25,0.344,0.31,1.279,0.577,0.295,0.09,2.12,0.096,1.439,0.319,0.846,0.768,0.458,0.093,2.102,0.091,0.917,1.756,1.695,0.999,0.757,0.089,1.979,0.092
81:59:33,39,0.515,1.266,1.603,1.693,0.102,0.089,0.315,0.248,0.652,0.705,1.183,1.691,0.092,0.09,0.297,0.25,0.5,0.736,1.577,1.89,0.092,0.091,0.319,0.25,0.346,0.313,1.296,0.661,0.292,0.09,2.121,0.096,1.467,0.324,0.875,0.79,0.47,0.093,2.103,0.091,0.941,1.752,1.68,1.041,0.783,0.089,1.978,0.092
82:19:33,39,0.504,1.312,1.618,1.675,0.102,0.089,0.315,0.248,0.641,0.715,1.211,1.687,0.092,0.09,0.295,0.251,0.484,0.742,1.587,1.897,0.092,0.091,0.321,0.25,0.346,0.317,1.325,0.672,0.292,0.09,2.123,0.096,1.512,0.325,0.913,0.801,0.484,0.093,2.099,0.091,0.973,1.749,1.689,1.06,0.811,0.089,1.977,0.092
82:39:33,38.9,0.5,1.342,1.635,1.789,0.101,0.089,0.316,0.248,0.649,0.721,1.244,1.717,0.092,0.09,0.296,0.25,0.466,0.746,1.567,1.857,0.092,0.091,0.32,0.25,0.351,0.315,1.368,0.669,0.292,0.09,2.12,0.096,1.547,0.33,0.927,0.8,0.483,0.093,2.099,0.091,0.998,1.751,1.696,1.083,0.836,0.089,1.976,0.092
82:59:33,39,0.502,1.352,1.613,1.742,0.101,0.089,0.315,0.248,0.626,0.725,1.266,1.628,0.092,0.09,0.296,0.251,0.489,0.762,1.592,1.884,0.092,0.091,0.32,0.25,0.353,0.314,1.4,0.694,0.293,0.09,2.122,0.096,1.582,0.326,0.969,0.784,0.511,0.093,2.1,0.091,1.021,1.748,1.688,1.108,0.863,0.089,1.974,0.092
83:19:33,39.1,0.488,1.389,1.639,1.755,0.102,0.089,0.315,0.248,0.652,0.738,1.248,1.69,0.092,0.09,0.295,0.25,0.466,0.767,1.558,1.879,0.092,0.091,0.319,0.25,0.357,0.317,1.43,0.855,0.297,0.09,2.119,0.096,1.621,0.332,0.99,0.859,0.505,0.093,2.103,0.091,1.057,1.749,1.687,1.207,0.894,0.089,1.971,0.092
83:39:33,39,0.512,1.434,1.623,1.711,0.102,0.089,0.315,0.248,0.648,0.742,1.311,1.726,0.092,0.09,0.296,0.251,0.476,0.772,1.56,1.895,0.092,0.091,0.321,0.25,0.364,0.319,1.447,0.916,0.292,0.09,2.12,0.096,1.655,0.332,1.06,0.795,0.526,0.093,2.102,0.091,1.09,1.749,1.684,1.138,0.926,0.089,1.968,0.092
83:59:33,39,0.508,1.429,1.621,1.732,0.102,0.089,0.314,0.248,0.687,0.752,1.286,1.714,0.092,0.09,0.296,0.25,0.477,0.785,1.562,1.88,0.092,0.091,0.317,0.25,0.365,0.319,1.483,0.961,0.295,0.09,2.121,0.096,1.702,0.337,1.064,0.886,0.541,0.093,2.101,0.091,1.108,1.746,1.692,1.174,0.969,0.089,1.967,0.092
84:19:33,39,0.506,1.484,1.625,1.717,0.102,0.089,0.316,0.248,0.636,0.757,1.322,1.741,0.092,0.09,0.296,0.25,0.482,0.79,1.56,1.883,0.092,0.091,0.319,0.249,0.364,0.321,1.5,1.011,0.295,0.09,2.12,0.096,1.728,0.336,1.096,0.891,0.553,0.093,2.1,0.091,1.141,1.746,1.693,1.287,0.988,0.089,1.966,0.092
84:39:33,39,0.511,1.503,1.614,1.764,0.102,0.089,0.317,0.248,0.643,0.762,1.322,1.692,0.092,0.09,0.296,0.25,0.482,0.814,1.528,1.868,0.092,0.091,0.319,0.249,0.365,0.327,1.526,1.02,0.299,0.09,2.118,0.096,1.765,0.342,1.144,0.855,0.567,0.093,2.1,0.091,1.183,1.741,1.684,1.312,1.02,0.089,1.965,0.092
84:59:33,39,0.519,1.546,1.633,1.736,0.102,0.089,0.316,0.248,0.658,0.771,1.345,1.673,0.092,0.09,0.296,0.25,0.49,0.82,1.564,1.873,0.092,0.091,0.32,0.249,0.373,0.323,1.566,1.06,0.303,0.09,2.119,0.096,1.795,0.338,1.186,0.948,0.581,0.093,2.099,0.091,1.205,1.745,1.686,1.302,1.058,0.089,1.961,0.092
85:19:33,39,0.518,1.56,1.647,1.697,0.102,0.089,0.316,0.248,0.669,0.78,1.364,1.725,0.092,0.09,0.296,0.25,0.489,0.834,1.566,1.901,0.092,0.091,0.319,0.249,0.375,0.326,1.619,1.079,0.302,0.09,2.122,0.096,1.824,0.341,1.226,0.972,0.611,0.093,2.099,0.091,1.237,1.743,1.693,1.347,1.095,0.089,1.96,0.092
85:39:33,39.1,0.529,1.581,1.627,1.705,0.102,0.089,0.315,0.248,0.666,0.789,1.34,1.663,0.092,0.09,0.295,0.25,0.493,0.85,1.577,1.861,0.092,0.091,0.318,0.249,0.382,0.327,1.646,1.094,0.298,0.09,2.117,0.096,1.848,0.345,1.241,0.922,0.617,0.093,2.099,0.091,1.274,1.743,1.69,1.357,1.123,0.089,1.96,0.092
85:59:33,39,0.531,1.604,1.604,1.755,0.102,0.089,0.314,0.248,0.661,0.798,1.363,1.694,0.092,0.09,0.296,0.251,0.469,0.852,1.559,1.902,0.092,0.091,0.319,0.249,0.388,0.332,1.655,1.089,0.301,0.09,2.12,0.096,1.853,0.344,1.302,0.971,0.643,0.093,2.101,0.091,1.305,1.743,1.686,1.399,1.161,0.089,1.956,0.092
86:19:33,39,0.522,1.603,1.626,1.759,0.102,0.089,0.316,0.248,0.637,0.817,1.365,1.704,0.092,0.09,0.296,0.25,0.478,0.87,1.577,1.896,0.092,0.091,0.318,0.249,0.381,0.333,1.669,1.102,0.3,0.09,2.119,0.096,1.857,0.347,1.34,1.024,0.665,0.093,2.1,0.091,1.34,1.743,1.67,1.391,1.191,0.089,1.954,0.092
86:39:33,39,0.532,1.62,1.632,1.724,0.101,0.089,0.316,0.248,0.64,0.831,1.309,1.701,0.092,0.09,0.295,0.25,0.49,0.877,1.544,1.895,0.092,0.091,0.324,0.249,0.385,0.331,1.683,1.041,0.301,0.09,2.12,0.096,1.853,0.352,1.354,1.025,0.683,0.093,2.099,0.091,1.375,1.74,1.678,1.469,1.217,0.089,1.953,0.092
86:59:33,39,0.519,1.606,1.649,1.755,0.102,0.089,0.314,0.247,0.648,0.833,1.338,1.644,0.092,0.09,0.297,0.25,0.487,0.892,1.567,1.882,0.092,0.091,0.319,0.249,0.391,0.332,1.691,1.199,0.304,0.09,2.119,0.096,1.853,0.353,1.41,1.087,0.704,0.093,2.1,0.091,1.404,1.745,1.685,1.57,1.257,0.089,1.95,0.092
87:19:33,39.1,0.514,1.609,1.628,1.729,0.102,0.089,0.317,0.247,0.652,0.842,1.306,1.638,0.092,0.09,0.295,0.25,0.486,0.911,1.562,1.865,0.092,0.091,0.319,0.249,0.398,0.337,1.659,1.15,0.301,0.09,2.117,0.096,1.853,0.361,1.435,1.061,0.725,0.093,2.098,0.092,1.444,1.738,1.668,1.454,1.287,0.089,1.95,0.092
87:39:33,39,0.538,1.614,1.6,1.686,0.102,0.089,0.315,0.247,0.657,0.852,1.351,1.694,0.092,0.09,0.295,0.25,0.487,0.908,1.565,1.821,0.092,0.091,0.32,0.249,0.402,0.34,1.65,1.176,0.305,0.09,2.119,0.096,1.858,0.362,1.473,1.16,0.743,0.093,2.099,0.092,1.475,1.74,1.661,1.613,1.34,0.089,1.945,0.093
87:59:33,39.1,0.52,1.63,1.589,1.714,0.101,0.089,0.315,0.247,0.651,0.868,1.305,1.69,0.092,0.09,0.296,0.25,0.5,0.931,1.525,1.845,0.092,0.091,0.318,0.249,0.406,0.34,1.657,1.271,0.299,0.09,2.118,0.096,1.852,0.365,1.523,1.121,0.778,0.093,2.099,0.091,1.498,1.741,1.676,1.532,1.371,0.089,1.944,0.092
88:19:33,39,0.543,1.582,1.597,1.775,0.102,0.089,0.316,0.247,0.643,0.871,1.333,1.623,0.092,0.09,0.295,0.25,0.486,0.938,1.557,1.855,0.092,0.091,0.319,0.249,0.405,0.343,1.653,1.244,0.309,0.09,2.119,0.096,1.857,0.365,1.571,1.118,0.786,0.093,2.097,0.091,1.536,1.742,1.668,1.407,1.411,0.089,1.942,0.092
88:39:33,39.1,0.529,1.577,1.609,1.702,0.101,0.089,0.314,0.247,0.642,0.883,1.333,1.693,0.092,0.09,0.295,0.25,0.49,0.956,1.55,1.898,0.092,0.091,0.318,0.249,0.414,0.341,1.647,1.295,0.307,0.09,2.117,0.096,1.858,0.37,1.579,1.152,0.821,0.093,2.099,0.091,1.565,1.741,1.671,1.734,1.442,0.089,1.942,0.092
88:59:33,39,0.55,1.571,1.627,1.797,0.102,0.089,0.318,0.247,0.64,0.899,1.322,1.682,0.092,0.09,0.295,0.25,0.484,0.973,1.571,1.892,0.092,0.091,0.317,0.249,0.418,0.346,1.648,1.232,0.306,0.09,2.118,0.096,1.856,0.374,1.604,1.214,0.848,0.093,2.097,0.091,1.596,1.739,1.681,1.595,1.486,0.089,1.941,0.092
89:19:33,39,0.534,1.601,1.602,1.717,0.102,0.089,0.313,0.247,0.675,0.903,1.299,1.717,0.092,0.09,0.295,0.25,0.472,0.984,1.571,1.896,0.092,0.091,0.318,0.249,0.42,0.347,1.653,1.274,0.31,0.09,2.116,0.096,1.862,0.372,1.641,1.2,0.885,0.093,2.098,0.091,1.63,1.737,1.674,1.607,1.514,0.089,1.942,0.092
89:39:33,39,0.542,1.594,1.61,1.788,0.101,0.089,0.313,0.247,0.684,0.914,1.341,1.701,0.092,0.09,0.295,0.25,0.487,0.992,1.57,1.837,0.092,0.091,0.32,0.249,0.429,0.355,1.663,1.389,0.308,0.09,2.117,0.096,1.861,0.381,1.674,1.247,0.897,0.093,2.096,0.091,1.64,1.734,1.677,1.803,1.542,0.089,1.937,0.093
89:59:33,39.1,0.54,1.572,1.621,1.686,0.102,0.089,0.314,0.247,0.653,0.924,1.296,1.683,0.092,0.09,0.294,0.25,0.463,1.005,1.559,1.873,0.092,0.091,0.318,0.249,0.437,0.353,1.639,1.465,0.313,0.09,2.119,0.096,1.854,0.38,1.698,1.286,0.932,0.093,2.099,0.091,1.646,1.735,1.678,1.751,1.579,0.089,1.932,0.093
90:19:33,38.9,0.537,1.598,1.639,1.713,0.102,0.089,0.315,0.247,0.667,0.928,1.341,1.679,0.092,0.09,0.294,0.25,0.48,1.021,1.547,1.865,0.092,0.091,0.318,0.249,0.447,0.354,1.636,1.301,0.313,0.09,2.116,0.096,1.86,0.384,1.727,1.276,0.961,0.093,2.099,0.091,1.649,1.737,1.656,1.81,1.615,0.089,1.928,0.092
90:39:33,39,0.566,1.579,1.631,1.736,0.101,0.089,0.316,0.247,0.658,0.935,1.288,1.647,0.092,0.09,0.295,0.25,0.473,1.03,1.557,1.863,0.092,0.091,0.319,0.249,0.444,0.36,1.649,1.264,0.307,0.09,2.118,0.096,1.858,0.394,1.748,1.324,0.98,0.093,2.098,0.092,1.643,1.732,1.66,1.672,1.636,0.089,1.928,0.093
90:59:33,39.1,0.562,1.585,1.629,1.764,0.101,0.089,0.314,0.247,0.66,0.941,1.301,1.753,0.092,0.09,0.294,0.25,0.483,1.046,1.551,1.865,0.092,0.091,0.319,0.249,0.451,0.361,1.662,1.316,0.315,0.09,2.115,0.096,1.861,0.393,1.756,1.335,1.022,0.093,2.098,0.091,1.641,1.739,1.668,1.657,1.664,0.089,1.931,0.092
91:19:33,39.1,0.565,1.599,1.651,1.735,0.102,0.089,0.316,0.247,0.649,0.951,1.276,1.729,0.092,0.09,0.294,0.25,0.49,1.057,1.559,1.819,0.092,0.091,0.319,0.249,0.463,0.362,1.656,1.327,0.311,0.09,2.116,0.096,1.863,0.399,1.756,1.43,1.054,0.093,2.1,0.091,1.64,1.736,1.663,1.634,1.671,0.089,1.929,0.092
91:39:33,39.1,0.575,1.572,1.621,1.724,0.101,0.089,0.313,0.247,0.662,0.955,1.258,1.688,0.092,0.09,0.295,0.25,0.484,1.062,1.545,1.906,0.092,0.091,0.319,0.249,0.47,0.367,1.643,1.314,0.319,0.09,2.116,0.096,1.863,0.398,1.749,1.429,1.077,0.093,2.097,0.091,1.64,1.738,1.671,1.615,1.671,0.089,1.926,0.092
91:59:33,39,0.573,1.56,1.622,1.73,0.101,0.089,0.314,0.247,0.66,0.973,1.319,1.732,0.092,0.09,0.294,0.25,0.47,1.079,1.552,1.863,0.092,0.091,0.318,0.249,0.468,0.368,1.644,1.356,0.316,0.09,2.115,0.096,1.862,0.407,1.751,1.476,1.113,0.093,2.097,0.091,1.633,1.734,1.677,1.74,1.666,0.089,1.916,0.092
92:19:33,39,0.575,1.583,1.624,1.726,0.102,0.089,0.315,0.247,0.673,0.973,1.266,1.65,0.092,0.09,0.294,0.25,0.481,1.095,1.553,1.879,0.092,0.091,0.319,0.249,0.481,0.372,1.622,1.333,0.318,0.09,2.116,0.096,1.862,0.414,1.751,1.458,1.141,0.093,2.098,0.091,1.636,1.736,1.675,1.68,1.666,0.089,1.915,0.092
92:39:33,39.1,0.579,1.591,1.632,1.704,0.102,0.089,0.314,0.247,0.68,0.999,1.296,1.665,0.092,0.09,0.295,0.25,0.482,1.11,1.542,1.869,0.092,0.091,0.317,0.249,0.488,0.374,1.622,1.307,0.319,0.09,2.118,0.096,1.865,0.414,1.74,1.51,1.172,0.093,2.099,0.091,1.637,1.73,1.676,1.78,1.667,0.089,1.914,0.092
92:59:33,39,0.59,1.575,1.623,1.681,0.102,0.089,0.313,0.247,0.671,1.003,1.309,1.691,0.092,0.09,0.294,0.25,0.477,1.113,1.597,1.856,0.092,0.091,0.319,0.249,0.493,0.377,1.642,1.328,0.32,0.09,2.116,0.096,1.867,0.417,1.732,1.519,1.212,0.093,2.098,0.092,1.636,1.732,1.668,1.676,1.661,0.089,1.914,0.092
93:19:33,39,0.597,1.548,1.611,1.721,0.101,0.089,0.313,0.246,0.666,1.013,1.282,1.687,0.092,0.09,0.294,0.25,0.478,1.116,1.552,1.868,0.092,0.091,0.319,0.248,0.502,0.385,1.642,1.278,0.322,0.09,2.115,0.096,1.868,0.425,1.729,1.467,1.239,0.093,2.098,0.091,1.634,1.733,1.666,1.796,1.663,0.089,1.914,0.092
93:39:33,39.1,0.591,1.569,1.603,1.696,0.101,0.089,0.314,0.246,0.669,1.017,1.31,1.711,0.092,0.09,0.294,0.25,0.482,1.136,1.589,1.839,0.092,0.091,0.318,0.248,0.517,0.393,1.635,1.36,0.324,0.09,2.117,0.096,1.867,0.428,1.723,1.443,1.274,0.093,2.099,0.091,1.632,1.732,1.677,1.759,1.66,0.089,1.915,0.092
93:59:33,39.1,0.598,1.577,1.613,1.692,0.101,0.089,0.315,0.246,0.687,1.028,1.284,1.625,0.092,0.09,0.294,0.25,0.511,1.146,1.563,1.832,0.092,0.091,0.318,0.248,0.514,0.391,1.639,1.285,0.327,0.09,2.117,0.096,1.87,0.445,1.736,1.513,1.311,0.093,2.096,0.091,1.635,1.732,1.647,1.815,1.66,0.089,1.913,0.092
94:19:33,39.1,0.607,1.577,1.616,1.743,0.102,0.089,0.314,0.246,0.677,1.043,1.267,1.621,0.092,0.09,0.295,0.25,0.488,1.155,1.566,1.825,0.092,0.091,0.317,0.248,0.525,0.396,1.631,1.281,0.331,0.09,2.116,0.096,1.869,0.442,1.742,1.426,1.342,0.093,2.099,0.091,1.63,1.729,1.674,1.713,1.655,0.089,1.906,0.092
94:39:33,39.1,0.607,1.561,1.621,1.684,0.102,0.089,0.314,0.246,0.713,1.052,1.29,1.609,0.092,0.09,0.295,0.25,0.486,1.165,1.561,1.899,0.092,0.091,0.317,0.248,0.531,0.401,1.624,1.346,0.334,0.09,2.116,0.096,1.875,0.457,1.726,1.506,1.376,0.093,2.097,0.092,1.635,1.732,1.664,1.713,1.654,0.089,1.904,0.092
94:59:33,39,0.624,1.564,1.613,1.707,0.101,0.089,0.313,0.246,0.701,1.058,1.297,1.661,0.092,0.09,0.294,0.25,0.486,1.173,1.563,1.862,0.092,0.091,0.319,0.248,0.552,0.403,1.639,1.367,0.332,0.09,2.118,0.096,1.876,0.469,1.732,1.465,1.413,0.093,2.1,0.091,1.629,1.727,1.664,1.655,1.656,0.089,1.902,0.092
95:19:33,39,0.621,1.57,1.623,1.713,0.102,0.089,0.314,0.246,0.691,1.07,1.279,1.736,0.092,0.09,0.294,0.25,0.487,1.201,1.567,1.799,0.092,0.091,0.319,0.248,0.555,0.405,1.628,1.285,0.334,0.09,2.117,0.096,1.876,0.463,1.726,1.469,1.45,0.093,2.097,0.091,1.63,1.732,1.666,1.801,1.654,0.089,1.9,0.092
95:39:33,39.1,0.626,1.57,1.629,1.749,0.102,0.089,0.313,0.246,0.706,1.077,1.276,1.723,0.092,0.09,0.294,0.25,0.494,1.206,1.556,1.846,0.092,0.091,0.319,0.248,0.568,0.413,1.627,1.21,0.335,0.09,2.116,0.096,1.882,0.471,1.729,1.532,1.472,0.093,2.098,0.092,1.631,1.729,1.648,1.799,1.649,0.089,1.896,0.092
95:59:33,39.1,0.637,1.572,1.611,1.725,0.102,0.089,0.315,0.246,0.686,1.09,1.326,1.758,0.092,0.09,0.295,0.25,0.491,1.222,1.569,1.835,0.092,0.091,0.315,0.248,0.57,0.415,1.648,1.292,0.337,0.09,2.117,0.096,1.879,0.481,1.729,1.452,1.515,0.093,2.099,0.091,1.63,1.727,1.66,1.807,1.647,0.089,1.896,0.092
96:19:33,39,0.649,1.556,1.601,1.7,0.101,0.089,0.313,0.246,0.703,1.089,1.294,1.627,0.092,0.09,0.295,0.25,0.486,1.237,1.552,1.9,0.092,0.091,0.317,0.248,0.583,0.418,1.622,1.34,0.341,0.09,2.116,0.096,1.881,0.49,1.727,1.459,1.547,0.093,2.098,0.091,1.628,1.728,1.649,1.774,1.647,0.089,1.892,0.092
